ax_lin,ay_lin,az_lin
-0.041500,0.116400,1.673400
-0.038900,0.103900,1.655500
-0.002900,0.103400,1.716400
-0.026800,0.100500,1.645800
0.028200,0.097600,1.616100
-0.031500,0.156700,1.615200
0.042500,0.151200,1.645300
-0.019700,0.136100,1.567900
0.028100,0.109200,1.605400
0.020800,0.134900,1.680700
0.039800,0.129500,1.593700
0.046700,0.162200,1.640500
0.041700,0.128000,1.603700
0.039100,0.094000,1.564700
0.034200,0.098300,1.556900
0.034000,0.138300,1.620600
0.060000,0.101900,1.533900
0.026400,0.151400,1.485700
0.038200,0.148300,1.528300
-0.007300,0.097500,1.504000
0.021300,0.130400,1.463100
-0.026500,0.096300,1.446300
-0.031100,0.126800,1.553400
-0.033300,0.092800,1.445600
-0.018800,0.087600,1.471700
-0.054500,0.082400,1.495300
-0.023200,0.113000,1.464000
-0.037400,0.105300,1.471000
-0.053900,0.085700,1.494600
-0.015500,0.075700,1.437100
0.015500,0.151600,1.444200
0.027400,0.127000,1.425100
-0.010900,0.143000,1.425100
0.024900,0.111400,1.394100
0.060500,0.170400,1.425300
0.019700,0.145700,1.434900
0.081600,0.154500,1.363300
0.057300,0.160900,1.416100
0.035600,0.145800,1.442400
0.042600,0.137900,1.416100
-0.000500,0.108600,1.351800
0.044700,0.103300,1.392700
0.008800,0.143300,1.366700
-0.024600,0.083000,1.393200
-0.007800,0.085000,1.269500
-0.067400,0.084500,1.372800
-0.045600,0.100800,1.292000
-0.023900,0.071700,1.345200
-0.076200,0.080900,1.314600
-0.078200,0.080500,1.336600
-0.058800,0.082400,1.289400
-0.041800,0.041500,1.283000
-0.063000,0.100900,1.271800
-0.055600,0.145700,1.320200
0.018600,0.092500,1.285000
-0.026800,0.115900,1.264300
0.004300,0.127200,1.167400
0.054400,0.114700,1.273600
0.011200,0.126000,1.231500
0.049300,0.123000,1.296800
0.089500,0.108100,1.237900
0.053300,0.095600,1.236500
0.076900,0.102300,1.254100
0.074100,0.099400,1.162100
0.033300,0.132300,1.292100
0.066400,0.114900,1.159300
0.035100,0.097700,1.158300
0.018300,0.054300,1.174000
0.008700,0.096900,1.232400
-0.046200,0.067800,1.188200
-0.041200,0.012700,1.146500
-0.036200,0.065000,1.126400
-0.064600,0.038500,1.168500
-0.064300,0.062100,1.143600
-0.025900,0.045100,1.173600
-0.028100,0.104500,1.165300
-0.047000,0.099200,1.192900
-0.032500,0.096300,1.144000
-0.006100,0.079200,1.102500
0.003400,0.109800,1.097000
0.051100,0.125900,1.079600
0.060300,0.077600,1.129000
0.045700,0.129600,1.206800
0.105100,0.100400,1.117400
0.085500,0.073700,1.026000
0.080300,0.068500,1.087600
0.118000,0.087300,1.053600
0.098400,0.043900,1.131700
0.107400,0.086600,1.090300
0.028200,0.081400,1.058600
-0.021900,0.081000,1.074800
-0.040900,0.040100,1.052700
-0.062100,0.061300,1.114200
-0.064200,0.053900,1.068100
-0.075800,0.084600,1.007900
-0.151700,0.048400,0.995800
-0.103300,0.050600,1.019400
-0.100400,0.078900,1.050000
-0.102200,0.052300,0.980400
-0.135100,0.068700,1.023200
-0.089100,0.130300,0.929900
-0.064900,0.093900,0.970500
-0.002600,0.112500,1.001400
-0.005000,0.050000,1.006000
0.047500,0.130800,0.972300
0.018700,0.139700,1.029400
0.073400,0.169900,0.974200
0.077800,0.150000,0.974100
0.072600,0.106400,0.938300
0.103200,0.060600,0.957400
0.109900,0.107900,1.028900
0.099800,0.088300,0.928400
0.096900,0.068800,0.942800
0.055900,0.070900,0.985800
0.055600,0.027600,0.907000
0.045800,0.072700,0.935800
0.062300,-0.006300,0.962100
0.064300,0.022400,0.919200
0.016400,-0.008700,0.917000
-0.024200,0.034200,0.924300
-0.017000,0.024500,0.879200
-0.038300,-0.009000,0.958200
-0.011900,0.000600,0.955800
-0.004700,0.003000,0.936700
-0.028500,-0.001800,0.872400
-0.042700,0.038700,0.915700
0.002800,0.040900,0.906400
0.033800,0.038300,0.830400
0.028900,0.038100,0.895300
0.081100,0.080800,0.886100
0.092600,0.094700,0.812500
0.075500,0.072800,0.837100
0.120400,0.089100,0.849600
0.074500,0.067200,0.833400
0.088400,0.093100,0.757700
0.066600,0.066400,0.880300
0.004300,0.094700,0.809100
0.009000,0.060900,0.824100
-0.007700,0.053400,0.841500
-0.060100,0.105600,0.834900
-0.074100,0.069300,0.845000
-0.069000,0.057000,0.824100
-0.078200,0.099600,0.741300
-0.363700,-0.077200,0.754300
-0.123600,-0.048200,0.793400
-0.134900,0.059300,0.768000
-0.089000,0.128100,0.795200
-0.105200,0.051200,0.791200
-0.042700,0.084300,0.770500
-0.049600,0.088600,0.771500
-0.006500,0.097700,0.817600
-0.025500,0.094800,0.806400
0.000800,0.092000,0.730900
-0.023000,0.098700,0.767700
0.046200,0.067200,0.732900
0.041200,0.088300,0.755500
0.079100,0.087900,0.794600
0.088300,0.099300,0.783500
0.083100,0.041700,0.712800
0.066000,0.055700,0.697300
0.101400,0.072100,0.720100
0.053200,0.090900,0.716500
0.083900,0.107100,0.734300
0.047800,0.108900,0.778300
0.052300,0.139400,0.774400
-0.000400,0.052900,0.722900
0.035300,0.026400,0.764600
-0.026800,0.004800,0.715500
-0.005200,0.038200,0.719000
-0.012300,0.090400,0.708300
-0.036100,-0.034000,0.664200
0.095100,0.218800,0.746700
-0.093600,-0.003900,0.676300
-0.002600,0.022300,0.715800
-0.312300,1.902400,0.848000
-5.379500,-0.637900,4.027500
-1.608900,0.821300,-2.615100
-10.441900,5.538100,5.338300
-3.502700,10.531400,0.021200
-13.818100,2.645700,-5.855500
-6.030300,0.035000,-5.433000
-8.702500,-7.815000,9.811700
-6.959900,-0.896000,-12.403800
-14.732000,18.684600,-9.089000
-19.186100,-15.309500,9.870100
-7.980400,-12.053900,9.820800
-19.050200,-0.228600,-7.304600
-3.827400,3.421000,-26.570800
-10.406900,7.683900,-29.102200
-18.052100,5.293400,-27.629300
-15.516900,8.236200,-25.382200
-18.716000,1.372300,-21.149300
0.859000,-8.531300,-9.114000
-18.626700,-18.916800,6.254600
12.224400,-13.870300,8.468100
8.715000,-14.179900,7.343900
-18.638300,-14.747600,10.392600
-18.545100,1.416400,10.340600
-18.452300,6.945200,-15.302000
-18.360100,1.434200,-18.647500
-16.464300,-20.141900,-6.813000
-11.694500,-18.134700,8.787100
-18.127500,-19.950500,8.278400
-18.036800,-13.785900,10.407400
9.537000,14.739000,-5.131400
-17.994300,17.269900,-17.106800
-17.904400,1.748600,-15.586700
-17.814900,-2.482900,6.186500
21.317400,-6.907700,4.952100
14.665200,-5.338500,10.488800
9.956900,10.301900,10.436400
-2.148700,18.819800,-15.373500
-17.944700,13.013600,-19.202500
-3.954700,-2.901100,-8.237400
-17.835200,-2.774600,9.126100
-17.746100,-11.887800,5.332000
-17.657300,2.474700,10.526000
-17.569000,8.865500,10.473300
-17.481200,18.582200,-16.008800
21.030400,12.922500,-19.045800
-17.498900,-1.335600,-12.347100
-12.788300,-6.769400,7.105400
-17.347500,-10.727100,7.575100
14.888900,-19.962600,10.584600
-17.335200,-1.175000,10.531600
-17.248500,-1.817300,-6.764100
3.107900,9.756700,-17.208600
-17.177800,1.772400,-20.330100
3.018600,-20.062800,-3.263500
-6.700300,-16.011400,10.716800
-13.682500,-19.882400,6.715100
21.886200,-19.783000,10.629700
-17.114600,-9.172500,10.576500
3.029100,-2.716200,-6.998300
-4.757200,-2.214100,-17.789500
-17.020300,19.429700,-22.090100
9.564200,-14.010500,-8.024500
-5.332400,-19.640600,8.606300
-16.956400,-19.542400,9.199600
-16.871600,-19.444700,10.457100
-9.461800,-14.431300,10.656800
-12.133500,-4.541000,10.603500
9.512800,2.073200,-16.637000
-16.726800,-4.757400,-18.443600
-13.314100,-12.874100,-20.067200
0.926800,19.868300,-2.003500
-7.142000,-14.417600,10.836300
0.357400,-19.202100,8.900100
0.839300,15.135900,10.737600
-16.551600,-4.206700,10.683900
0.872600,-1.826500,10.630500
-14.080600,8.532200,-15.352000
-3.429500,5.241500,-18.766400
1.067800,-4.436100,-21.286700
-16.162200,-19.198300,-6.822500
7.718100,-19.102300,10.205100
-12.983900,20.036400,8.435900
-2.912500,-19.107000,10.795300
-4.906900,20.031800,1.195400
22.627500,3.465400,7.318600
-2.881700,19.914300,-17.697000
2.811500,6.570300,-19.233800
4.398800,-9.269200,-19.128100
0.592600,-11.598800,-0.227800
-2.658500,-15.172600,10.980200
-4.849500,-11.731800,8.611900
-2.914100,-14.528100,10.882200
-1.100300,-14.588900,10.827800
-5.034000,-5.534200,10.773600
-3.185800,2.097700,-16.165100
0.349900,-5.803000,-18.503100
0.491100,19.962900,-21.832600
2.194900,-15.577600,-5.144600
-0.442100,-18.852600,9.498700
-8.594700,-13.701600,7.887900
-5.968500,-10.949700,6.025500
-1.935200,-3.793500,10.910900
-16.214200,4.001300,10.699700
-5.547700,10.525200,-14.654600
-3.410900,5.673100,-19.292600
-5.498100,-2.641100,-20.270900
3.248900,-14.676600,-5.022900
3.964300,-11.998500,10.990100
-1.276800,-15.827700,9.340900
-0.357700,-16.663600,10.997400
-5.774900,-10.813300,10.942500
-1.578100,-3.812700,10.887700
-0.767100,6.069800,-10.761200
-0.036500,-0.239900,-18.859800
-1.716300,-5.114400,-22.147100
2.119400,-14.347000,-12.089500
3.033400,-18.266800,5.043100
-0.580100,-14.984600,10.193800
-2.738700,-17.364200,7.554900
-0.859000,-14.675100,11.038600
-1.269400,-13.977400,10.983400
1.610900,-7.632900,2.586100
0.930800,-5.319000,-15.952600
2.842100,-1.226900,-19.978900
6.283300,-6.999600,-20.243600
6.530700,-16.322800,-5.932300
6.915100,-15.290400,8.493400
1.032600,-14.820700,10.197700
1.954400,-15.356700,8.929000
2.554700,-15.982900,11.088000
6.419100,-14.942600,4.718100
2.950700,-1.942300,5.805000
-1.496500,0.848400,-15.468800
1.234800,-6.450300,-19.700000
0.759100,-10.300000,-20.676300
1.279600,-15.040800,-6.014900
1.065900,-12.809000,8.199100
-1.741900,-14.065100,9.499700
-2.762700,-17.002200,9.390300
-0.129900,-16.917200,11.153800
1.145700,-9.685900,11.098100
7.073700,-9.270400,-17.496200
2.155500,0.992000,-16.774800
7.056200,-4.565400,-19.998600
6.544300,-9.087100,-17.136700
5.715600,-12.439900,0.619300
4.247700,-11.886800,10.629800
-2.110000,-14.038800,7.476300
2.888200,-13.870900,11.306000
-2.316500,-12.617200,11.249400
-1.392200,-4.914000,10.540800
-5.569900,-0.068600,-13.444800
0.875500,-4.777100,-18.984900
3.580700,-8.620900,-20.908400
-0.100000,-14.080300,-11.116800
3.413100,-15.444500,5.000500
1.210800,-14.890600,10.821200
-1.917000,-15.035400,7.564200
-0.847000,-15.937300,11.345800
1.800000,-11.970800,9.878900
1.669500,-5.405300,11.239700
1.129700,5.583700,-9.820000
2.777900,-4.707900,-17.651700
3.278800,-14.535900,-5.498100
5.693100,-9.716200,-15.038500
5.664600,-9.667600,-14.963300
5.452800,-13.687100,2.364800
0.907300,-13.611600,8.046000
2.547000,-15.297400,11.446300
1.083000,-11.072100,11.389100
1.873600,3.951200,11.332100
0.131700,2.249000,-7.411800
0.850700,-2.861900,-17.590800
2.700500,-2.220900,-21.039300
3.864200,-10.748200,-16.913900
3.463600,-12.810600,-0.679400
1.785300,-15.139200,9.337500
-2.417800,-13.157000,8.051600
-1.309500,-7.286100,11.506700
3.942100,-15.070900,-3.858900
-0.541000,-5.711200,11.468500
1.473000,-0.926100,-6.944900
3.384000,-1.877000,-17.030900
4.325000,-2.651700,-20.241500
6.433800,-8.105100,-17.183000
5.951300,-12.041900,-0.766000
4.706200,-8.047300,10.502400
0.660100,-12.723100,9.072500
2.301100,-10.526600,11.624100
-0.246000,-10.500200,11.566000
0.169900,-0.641500,11.508100
1.255700,2.385800,0.822800
-0.397300,9.723200,-16.363000
3.117300,2.637400,-19.300600
-2.367300,-10.632600,9.800000
3.096900,-10.770100,-11.134000
1.928000,-11.893500,4.099300
0.514800,-11.490900,11.049200
-1.720700,-12.422400,8.699100
-1.042500,-14.414400,11.512200
-1.992900,-10.088600,11.454700
-0.536400,-5.307800,11.397400
1.439400,0.650100,5.497800
-1.813500,-13.286800,7.848600
6.171700,-10.556100,7.847500
3.531400,-10.017200,-3.113300
5.887200,-9.609700,-14.986700
6.148500,-9.521100,0.756700
3.229500,-11.089200,10.575900
0.055800,-11.417400,8.170900
2.033500,-13.891100,11.068400
-0.876800,-11.765100,10.391000
0.605000,-4.809800,11.120100
1.941300,-0.708300,7.044900
-0.232200,2.841200,-13.791900
1.008100,1.721200,-18.517600
3.183600,-2.951000,-21.923300
2.571900,-10.786000,-17.507600
3.443100,-10.708200,-1.594200
1.476600,-12.177400,9.368600
-2.636800,-13.548800,8.482900
-0.981700,-12.759000,10.611500
-1.055400,-10.331200,11.253700
-0.521100,2.443600,11.197400
-0.809200,-6.805300,-3.611400
2.059200,1.702800,-16.735900
4.174600,-4.087000,-20.331600
-0.922100,-12.073600,-14.582100
4.234600,-10.235500,3.516100
-1.725100,-3.247200,-19.559800
0.659400,-11.402500,8.243300
-4.569900,-12.274800,11.456700
0.238100,-1.616100,11.399400
1.123400,0.515300,1.651200
-0.440700,-4.172300,-16.046400
2.580800,2.204100,-20.055500
1.559900,-3.078200,-17.843800
0.174700,-9.120500,-1.604700
0.843400,-12.351600,9.617900
-4.820500,-8.477000,7.591900
-3.121100,-10.221900,11.525900
-8.720000,-10.037300,11.468300
-2.101600,-4.041400,11.410900
-0.620700,2.760900,-10.393200
2.828300,1.639000,-18.162400
6.016900,-2.132000,-21.152900
3.966000,-7.678600,-7.640100
2.797600,-12.782800,8.412200
-9.369900,-12.718900,7.717200
-6.120300,-12.364600,11.560000
-10.393500,-10.858700,11.502200
-16.844800,-3.324000,7.868300
-2.676800,-0.137900,-13.863900
0.644200,-5.441900,-19.423300
1.670500,-5.378900,-19.850500
3.811700,-8.981400,-3.298700
-0.358700,-7.988100,9.121500
-5.118200,-10.259700,7.269600
-2.814400,-10.527700,11.605500
-5.192900,-10.220100,11.547500
1.243400,-4.139900,11.489800
0.570000,-1.609800,-12.571500
2.466400,-2.493000,-18.261300
-3.596500,-5.776300,-19.206600
3.711200,-9.400600,-4.404800
1.271500,-12.110800,9.531800
-4.416000,-5.880600,8.137700
-0.712100,-10.617300,11.616200
-2.631700,-11.967800,11.558100
-3.471700,5.116500,11.500300
-5.129600,9.168300,-9.830000
-0.533300,-5.712000,-17.764100
0.255800,-0.495500,-21.264100
-2.486000,-10.006100,-11.518400
-1.055600,-9.622500,5.687600
-3.297600,-11.249700,10.325200
-2.406500,-9.808900,8.841300
-1.086200,-11.146700,11.620400
-3.966600,-6.265300,11.562300
-4.211300,-1.148600,1.672700
-9.430600,7.405100,-15.179100
-2.696600,3.467100,-18.408400
2.871800,-6.837900,-19.255300
-1.353400,-3.975000,-3.743100
-3.000500,-10.911300,9.315600
-8.547500,-7.460900,8.940200
-2.997600,-0.407900,11.687800
-7.336400,-7.669400,11.629400
-4.754600,-0.765500,11.571200
-3.539300,-0.428000,-5.884700
-3.118900,8.224600,-18.380500
-0.960900,1.973300,-20.261800
0.533300,-6.682300,-18.177800
2.513300,-11.531700,-0.895600
0.296400,-9.310300,10.421200
-4.907300,-8.722800,7.897900
0.324200,-11.210000,11.739800
-6.783600,-4.154900,11.681100
1.209700,-6.238400,11.622700
-2.280400,3.363100,-7.456300
2.692500,-2.072700,-17.120400
5.815100,1.207200,-20.313900
6.937100,-5.287900,-16.158800
5.739400,-1.779800,1.365900
4.819500,-11.253100,10.874600
1.335200,-4.176300,8.306100
2.794100,-7.842000,11.767100
0.928500,1.307600,11.708200
1.643600,-2.740600,11.649700
0.200700,0.935800,-9.319200
1.696300,-0.894300,-17.823000
1.709300,-0.794500,-20.517200
-2.693600,-2.482500,-12.131200
-1.948600,-11.113400,5.421000
-2.201000,-6.856500,10.260100
-2.940600,-9.045600,8.242800
-1.624800,-8.492800,11.770800
-0.205900,-2.321100,11.711900
2.345000,3.335900,5.374600
2.657400,5.330500,-14.646000
5.058100,-0.713300,-18.061500
5.905000,-4.265200,-19.892000
5.046200,-3.984200,-4.731700
5.168700,-7.979700,9.506900
-0.900500,-9.031200,8.432200
-1.301100,-7.043900,11.823400
-4.530800,-3.348300,11.764300
0.462900,-1.048600,11.705500
-3.240300,5.521900,-8.279400
-2.294700,8.835400,-16.936200
-1.399100,1.434700,-20.538100
-0.119600,-5.283100,-12.688100
2.454700,-8.173500,4.809700
-2.759800,-1.519700,9.868700
-1.911900,-10.784600,8.835200
-2.555300,-8.585900,11.821600
-1.637000,-0.280900,11.762500
2.520100,3.471400,-0.923500
3.227200,6.921300,-15.672300
4.438300,2.065800,-19.368700
4.411300,-6.673600,-17.713300
5.657100,-8.286900,0.364900
3.345800,-5.912500,10.583900
-0.950800,-9.717200,7.549800
-3.374400,-5.310000,11.879600
-3.505300,-5.455100,11.820200
1.469000,-1.688800,11.761100
-1.073900,11.088000,-11.300600
1.643300,2.811100,-17.635500
1.854400,-5.627100,-20.912100
3.186700,-4.590900,-13.439200
2.231900,-4.923000,3.671500
0.638400,-8.859000,10.475800
-1.895600,-5.264000,7.623400
-2.057700,-8.933800,11.909900
-2.488300,-0.927400,11.850300
2.788300,4.136500,11.791100
1.794900,4.652000,-10.617900
4.886300,6.818700,-16.989500
5.438600,-1.131800,-20.362300
6.486100,-4.426700,-10.680700
3.660800,-3.985100,7.040600
-2.686900,-8.233200,9.436100
-2.015700,-6.705100,10.554300
-1.903200,-6.866900,11.890200
-4.574600,-2.676600,11.830800
-10.225800,1.068700,-6.400900
-9.447800,1.084800,-16.423000
-8.757100,0.645600,-20.658900
-6.785500,-5.272300,-8.433100
-8.727100,-10.302800,7.635100
-10.275300,-7.146200,7.692200
-10.486100,-5.663900,11.954500
-9.251700,-1.989500,11.894800
-6.617400,5.474600,7.527400
-3.998700,2.744800,-13.442900
-6.797900,17.031700,-18.244300
-5.479400,-8.194500,-16.556400
-1.848900,-10.262600,2.481100
-0.307300,-8.805200,10.189700
-0.305800,-8.761200,10.138800
5.441300,-3.794000,-11.952700
5.194800,-10.104400,6.318300
-0.352700,-10.053900,0.162300
-3.067600,-9.214900,9.603100
-4.088900,-5.060400,7.448500
-4.159000,-8.504800,11.866900
-5.894500,-4.349200,11.807600
-5.369300,13.240400,5.245800
-3.638600,1.494900,-13.604100
-0.770300,3.491500,-19.253000
4.595400,-1.587500,-19.168600
5.959400,-7.346500,-3.304200
6.032000,-5.639300,9.609400
1.948300,-9.886300,8.741600
1.945700,-7.320300,11.907200
0.577700,1.976800,11.847700
1.034700,-2.985100,11.788500
0.417100,4.770000,-4.989300
3.281800,-3.506400,11.754500
3.089000,-3.655600,-20.801300
3.481100,-4.054400,-16.245800
1.731200,-5.287600,1.434300
-2.783800,-4.057700,10.127600
-4.283100,-9.716200,8.103800
-5.172000,-7.370400,11.782600
-4.455100,-8.134200,11.723700
2.258800,-0.217600,11.646600
1.902000,6.193900,-11.729700
3.277000,1.585100,-18.627200
5.634100,-5.879400,-21.724900
5.100800,-8.783500,-9.562900
6.710000,-8.310700,6.577600
3.440300,-5.099700,10.081200
2.617600,-5.672300,9.037000
3.553000,-8.913500,11.786600
-0.289600,1.189900,11.727600
2.907600,-0.965500,11.669000
1.937400,12.177000,-7.829600
1.115100,6.294300,-17.051000
3.509300,13.652700,-20.678500
1.663900,-0.072800,-18.976100
3.156900,-5.181700,-3.417600
1.177500,-1.426300,8.814900
-1.828600,-7.114700,9.192700
-3.785500,-6.571500,9.866400
-3.766600,-6.538600,9.817000
-1.333700,1.217500,11.762000
1.811400,8.651300,7.342800
1.092200,13.166800,-12.361200
3.090900,8.032200,-17.670800
4.924700,2.813700,-20.816200
1.401700,-1.261100,-15.526600
4.271100,-8.289500,1.427700
0.872900,-6.515600,10.214000
0.789900,-7.924800,8.864200
3.988800,-7.182100,11.895800
1.326100,-7.687200,11.836300
2.101100,3.337100,11.777100
1.120700,2.688900,6.438000
-0.996300,8.895200,-12.763400
0.686300,5.309500,-17.985200
3.192200,3.345600,-21.393500
4.055600,-4.108700,-17.056700
2.977300,-4.686300,-1.164700
1.546900,-5.952000,9.774600
-2.678900,-8.896300,8.715300
-2.965700,-9.416600,10.366100
-2.131100,-5.337400,11.893600
2.588400,-5.365600,3.563200
-0.014900,-6.804300,10.677800
-1.656700,-7.973700,7.953000
-1.689000,-4.824000,11.723200
-4.549700,-4.768900,11.664500
1.106600,4.343900,11.606200
3.391100,3.504800,0.896600
0.381100,9.835700,-15.207800
3.891800,6.779100,-19.252000
7.022700,7.372000,-21.383900
6.432300,-0.805400,-12.972100
5.065700,-7.271300,3.576300
4.120500,-1.866000,11.510700
2.317400,-4.196800,9.127200
3.514000,-6.492100,11.766700
2.009400,-6.397700,10.874400
1.210600,0.616600,11.653500
2.703400,6.840400,11.595200
1.431700,5.679000,-8.220000
1.117100,7.242500,-17.513300
3.130000,5.492900,-21.295800
2.690100,-1.647900,-20.557800
2.841100,-5.266700,-7.805800
3.358300,-3.748600,6.483900
0.296000,-4.130200,10.841000
-1.790600,-7.024000,8.251200
0.324900,-7.689500,11.786300
-1.618900,-6.154500,11.727400
-0.054700,-1.438700,11.668800
3.396300,0.668000,5.424600
2.559500,12.260500,-13.554800
4.260100,8.977400,-18.741700
5.268300,6.566100,-21.593400
6.052200,3.466300,-19.509900
5.604900,-0.578400,-7.292200
5.865200,-2.379400,6.492100
4.565700,-2.889400,11.954300
0.944500,-6.080200,8.716100
3.341900,-6.607400,11.851000
1.306700,-4.448700,11.791700
1.390800,1.285700,11.732700
2.522900,6.019200,10.254400
-1.400300,4.861900,-11.287200
1.139900,7.406500,-17.822300
2.514000,-0.604200,-21.832000
2.241700,0.864400,-17.666900
3.226600,-5.509800,-1.762300
0.226900,-4.154900,9.451600
-3.458500,-5.020600,9.440100
-2.845400,-8.810800,9.571600
-1.968500,-8.731000,11.832300
-3.941400,-3.775900,11.773200
1.352000,1.416600,11.714300
1.829000,11.499300,-2.908800
1.746000,11.110600,-15.970100
4.589800,8.131000,-20.277400
5.031500,-0.695900,-21.613000
5.847600,-2.784700,-10.447600
4.019100,-5.713900,4.915700
1.804200,-6.945900,10.126700
1.699900,-4.440000,8.403200
2.234700,-7.024800,11.894600
-0.011700,4.439400,11.835100
-2.537700,-2.367400,11.775900
-7.341100,15.095500,-1.465300
-4.261300,11.969700,-17.121800
-2.238200,11.040100,-20.179400
3.034700,3.297200,-20.567000
-1.353300,-1.523500,-10.376800
2.490100,-1.759000,4.261700
-1.904700,-0.394200,11.618300
-2.705400,-6.459500,9.665700
-2.830100,-4.365900,11.937900
-1.724500,-4.065200,11.878200
-6.567800,1.374200,11.818800
-1.139800,8.842900,11.759700
0.152800,8.624700,-8.635400
-1.957000,5.064200,-18.531900
3.560000,5.877700,-21.808900
5.303300,-0.938600,-19.595600
3.792100,-6.002600,-5.278000
3.754100,-5.174300,7.669300
0.451500,-5.296200,10.373800
0.875800,-5.110000,10.012100
1.340900,-5.968600,11.929900
0.957700,2.695000,11.870200
-0.648500,3.513300,11.810900
2.879300,12.756200,5.847200
0.875000,14.758500,-12.135800
1.585600,11.050600,-18.976500
2.614200,13.669100,-21.486300
4.931800,-1.033500,6.910300
1.589900,-5.193900,-9.293200
1.543900,-8.485100,5.833200
-0.994700,-6.684000,10.882300
-4.399800,-8.895400,7.627400
-1.904200,-9.420500,11.875800
-4.508900,-4.164100,11.816400
0.441800,-2.982700,11.757300
-1.969700,7.131500,-8.351800
2.927800,6.869500,-18.540400
4.428800,5.553100,-20.399500
5.390800,0.392200,-19.318000
5.077900,-4.261400,-6.517400
6.160600,-5.948800,8.137500
3.182000,-2.122800,10.734900
2.201000,-2.090800,8.896300
3.250400,-6.114800,11.925300
0.269600,-0.059900,11.865700
0.959400,2.487900,11.806400
-2.365000,8.306700,-11.882300
0.270600,7.574100,-17.892500
1.212900,3.296800,-23.827400
-1.478900,-4.776700,-12.422200
-1.133100,-3.925900,5.827300
-2.788400,-6.651600,8.772200
-3.746700,-4.683300,10.708700
-4.752700,-1.035300,11.950900
-1.488000,3.857500,11.891200
1.500600,8.864100,-2.339700
-1.442800,6.312800,-15.746900
-5.026800,3.597900,-19.933800
-0.638300,-3.669300,-13.016200
4.252500,-2.745400,5.367300
-2.346000,-5.200500,10.385400
-1.049800,-6.687700,8.875000
1.772200,-2.169400,11.963800
0.374000,-3.733700,11.903900
2.931600,4.396800,5.358400
0.302700,3.374000,-13.968700
-2.072300,0.611800,-19.208300
1.395800,-0.485000,-20.094000
2.973600,-2.603500,-7.225200
3.645000,-5.543100,6.599200
-0.960600,-5.608300,10.715100
-3.639100,-5.048900,7.968700
-1.976600,-7.204100,11.993700
-2.991400,-6.438900,11.933700
2.883500,-6.380500,10.168400
0.683800,5.876500,-6.008500
2.510600,7.481800,-16.454300
3.401200,9.460500,-20.547100
5.793400,-2.070700,-15.792700
5.402200,-0.759200,0.467100
4.579300,-0.564800,10.066100
2.104200,-1.767800,8.597800
3.626000,-3.353200,12.021600
1.761000,-7.733100,11.961500
0.403400,3.324700,11.901700
2.586700,4.873800,11.559200
0.984200,8.614600,-8.692500
0.714800,10.108600,-18.088300
2.469900,14.979000,-20.738400
2.977100,7.137800,-22.088300
3.109900,-0.468800,-14.421300
3.139700,-3.218900,-0.105700
1.772800,-1.456000,9.534200
-2.044200,-3.793700,10.466000
-3.685400,-3.824700,9.074400
-1.164800,-2.440100,12.059700
-1.819100,-2.106200,11.999400
-3.080200,1.736200,11.939400
-1.413300,7.113200,8.098400
1.177000,9.598900,-11.080400
0.856500,6.855700,-18.374300
5.582600,10.248300,-21.139700
2.847500,1.951700,-18.641400
5.473700,-5.712400,-6.725900
5.322400,-4.728200,6.247700
3.696800,-4.151700,10.458300
2.267600,-0.601700,9.631500
2.744700,-5.491100,12.087300
-0.109600,-3.299800,12.026900
0.989600,2.891200,11.966700
3.827600,10.736000,-18.900500
-0.323800,11.795200,-10.386700
0.254600,8.740700,-19.812100
-0.111300,21.768000,-21.266800
2.436700,5.840500,-20.629100
1.790600,-2.372100,-9.683100
1.707800,-4.781400,4.408600
0.231300,9.145200,-17.175200
-3.780500,-1.779100,9.891500
-4.190500,-9.743900,10.904900
-1.741300,-9.695200,12.370100
-3.555600,-4.408700,12.308300
0.430000,4.599800,12.246700
3.211200,8.427800,1.309900
0.113900,11.836300,-13.929100
2.091200,8.583800,-19.578700
4.721200,4.678000,-21.961600
2.834000,-4.065000,8.622600
5.932100,-4.168600,-2.940200
5.170900,-4.252600,8.551300
3.000300,-4.455300,10.696200
1.634100,-5.743700,9.818100
1.945200,-7.409300,12.282600
0.500900,1.078000,12.221200
0.784400,5.953100,12.160000
1.862400,9.428800,5.992100
-0.024800,10.663700,-11.758200
0.537700,7.195500,-19.396600
1.509700,3.880400,-22.283200
1.978800,-1.353100,-17.424800
2.602800,-2.275700,-3.330100
2.106000,-2.802900,7.584200
-1.467200,-2.038200,9.448000
-2.999300,-7.282600,9.119500
1.343300,-0.986000,-18.502700
-2.759900,-4.195800,12.402000
0.394800,-0.662200,12.340000
3.164300,5.303500,5.689800
2.304900,7.898300,-12.714300
1.700000,-2.688500,-16.077600
5.416200,7.805600,-21.797500
6.187400,-2.363800,-14.599000
6.304200,-3.619700,0.887600
3.563200,-5.405600,10.162700
1.379200,-3.312500,9.182500
3.188200,-4.756700,12.474600
1.844900,-7.085000,12.412300
0.217600,2.313400,12.350200
1.744000,5.878800,12.288400
0.670100,9.593100,-6.572200
0.280700,4.886300,-17.427500
1.649500,6.735000,-21.162800
1.336200,-1.193700,-19.441300
1.403400,-2.877300,-6.437500
2.006500,-5.982400,6.432200
-1.287400,-4.796700,9.710000
-2.741800,0.093500,9.785400
-1.541300,-7.711500,12.452600
-2.982500,-3.207100,12.390300
0.192300,0.774400,12.328400
2.491000,9.077800,7.575100
-2.230300,-5.172900,9.038500
3.226100,7.904900,-18.471200
5.035300,13.475000,-21.464900
5.629800,2.776900,-18.786300
3.437800,-2.477300,-8.471500
5.837000,0.964300,4.687100
4.878500,-0.110500,11.276700
1.348600,1.889400,11.715900
0.879600,-2.147400,10.313300
1.861700,-6.230700,12.329600
1.089900,-0.175200,12.268000
-0.412100,1.067200,12.206700
0.121300,14.585600,12.145600
1.550600,17.625000,12.084900
0.792100,16.502600,-0.180900
-0.934800,21.434000,-14.738000
0.368700,15.760000,-20.085700
-1.484800,15.936200,-21.465200
1.775500,1.791800,-18.093100
0.198600,2.099800,-4.285800
-0.107500,5.142000,7.212400
-2.971300,2.866700,10.240900
-5.056000,-0.252800,10.525700
-4.148900,-4.169200,10.265700
-3.430000,-6.278800,12.227500
-2.845700,-3.683300,12.166400
-4.244600,0.250500,12.105500
-0.920400,5.039200,12.045000
0.890500,13.216400,11.984800
2.144300,25.067900,7.726500
1.687900,28.495100,-7.253800
1.546100,25.414900,-16.980900
2.517800,26.055200,-20.937600
4.282900,21.421000,-22.946700
6.144100,14.214800,-21.366400
5.734500,5.519500,-15.158900
4.399900,-2.424600,-2.598400
0.669900,9.788700,-22.612500
3.433300,-0.521600,10.987100
1.745600,-3.760000,9.852700
2.809200,-3.031000,12.431300
2.468700,-8.501600,12.369100
0.283000,-7.124600,12.307300
0.648600,2.824500,12.245800
1.005200,7.995900,4.890600
-1.113600,2.765600,-12.606300
-0.338300,1.217100,-20.278600
1.343400,1.875900,-21.232900
-0.531600,0.658300,-11.756600
1.239300,-10.214000,4.225600
-5.470400,-10.870700,9.139800
-3.934600,-4.682400,9.194200
-3.800500,-8.455200,12.376600
-5.814300,-0.484500,12.314800
-1.648200,-3.091600,12.253200
-4.471100,7.209100,-5.818500
-0.583400,3.248200,-17.278100
2.786800,9.177700,-20.802000
2.527400,-4.539800,-18.079000
5.445900,-6.016000,-5.001100
5.356700,-6.212300,7.434800
1.395500,-5.239900,10.760100
1.376600,-7.387100,9.267000
2.773300,-8.751400,12.389500
0.841100,-2.168500,12.327600
0.310300,9.114100,12.265900
1.302400,20.833600,12.204600
0.764500,24.842600,0.574500
-1.036100,27.899100,-12.651900
-0.525700,22.541400,-19.268300
0.620700,22.893400,-21.917200
0.977500,16.878500,-22.722700
-0.328500,4.032900,-18.843900
0.533400,-1.037000,-7.358700
0.707100,-5.142500,5.172300
-1.932100,-6.806400,9.934000
-4.851200,-9.622500,8.290100
-2.806200,-7.041200,12.537500
-9.712500,-9.115000,12.474800
-7.879000,-1.172000,12.412500
-6.266800,14.245000,-2.047400
-2.818200,0.233000,-16.688100
3.468100,-2.561100,-20.643900
4.740000,-2.555500,-16.270300
5.883900,-4.677900,-0.274900
3.931400,-6.894600,8.986900
1.202200,-8.535400,8.625100
2.506900,-7.270200,12.542000
-0.377200,-2.403400,12.479300
0.172800,-2.596300,12.416900
-3.643300,1.808600,-4.235400
-2.169100,-0.633500,-17.256600
-2.470400,8.480000,-20.678200
-4.767200,-9.485300,-12.484300
-1.047300,-6.797400,4.047300
-1.375700,-5.002400,9.293600
-4.311900,-11.242400,8.613200
-1.754800,-4.706700,12.518300
-2.308400,-0.076700,12.455700
2.333400,0.061900,12.393400
2.104900,9.560400,-7.747500
3.386000,6.524300,-17.808100
4.741700,-0.438300,-20.991000
4.722700,-4.148800,-15.931700
5.466500,0.909700,0.843600
3.863900,-7.025700,9.930700
1.139900,-3.218200,8.379700
1.131800,-7.255600,12.548100
-2.365000,-5.451100,10.627100
0.720900,-2.264000,12.432200
2.142400,9.016800,4.604300
0.220500,10.284700,-12.717300
1.208300,6.303700,-18.158500
1.810000,5.750300,-21.959200
1.207500,-0.279000,-16.771200
1.844900,-1.740800,-1.583600
1.187500,3.005400,9.112300
-1.616100,1.789300,10.529900
-2.263400,-4.110500,9.309600
-0.836500,-6.341900,12.558200
-1.773700,-2.559300,12.495400
-1.717100,2.653300,12.432900
2.063800,12.713200,12.370800
3.168800,15.993000,1.364200
1.491900,19.969000,-12.464300
3.138300,21.839900,-18.033100
5.005200,17.362600,-21.443600
3.972200,3.275400,-21.531800
4.307400,-7.145400,-9.518500
4.836300,-8.725300,5.330200
2.927200,-8.207500,10.412800
1.811600,-9.391300,9.829300
2.698500,-6.489500,12.589200
-0.734600,-5.813600,12.526200
0.065000,1.173900,12.463600
1.268100,25.656200,12.401300
0.084500,25.082300,-4.246100
-1.257600,25.519300,-14.696000
-0.581600,25.020000,-18.742800
0.519900,21.732600,-21.854300
0.631600,17.591800,-22.643400
-0.026900,9.094100,-19.725300
0.357000,5.683700,-11.331300
0.798400,-1.126800,-0.465200
-0.201700,-1.547800,8.547400
-3.222400,1.121800,11.414400
-4.471700,-0.756800,10.082400
-3.886900,-7.744900,12.121900
-2.761700,-3.030600,12.697000
-2.280900,-1.571400,12.633500
-3.036800,1.625000,12.570300
1.420400,17.664300,12.507500
1.649200,21.498500,-3.335000
0.902200,22.773100,-14.997600
2.897100,19.566100,-19.257400
3.895400,14.144500,-22.199500
4.547900,2.046600,-20.525200
4.758700,-4.640900,-9.958600
4.854100,-8.902500,4.098700
3.840900,-2.695400,11.220200
0.566400,-5.984800,11.209400
1.764600,-8.092500,10.926900
2.292000,-10.215800,12.709000
0.007100,-2.279200,12.645500
0.157200,7.004600,12.582200
1.181100,11.821400,11.266500
-0.397600,23.949200,-6.414900
-1.282100,17.371400,-16.034100
0.301900,11.601000,-20.071900
1.141600,3.145100,-21.994700
1.076300,-3.774300,-14.220900
1.623800,-5.931100,0.053200
0.655300,-4.333400,9.275300
-2.686600,-5.503300,9.703200
-2.882900,-8.495100,9.497400
-2.918500,-10.654500,12.714000
-3.130300,-8.063300,12.650500
-0.047700,0.220000,12.587200
2.407100,6.166900,5.964400
-1.212900,13.935800,-11.213900
0.118200,3.223500,12.550500
3.239400,-2.519100,11.325500
4.939000,12.380400,-22.439300
4.818900,1.721100,-17.074900
4.523200,-2.443600,-4.156800
0.427900,-3.303600,6.999900
3.054300,-2.243300,11.566600
0.844200,-3.032800,11.003500
-0.372900,-9.859300,11.196300
2.460000,-1.586100,12.445700
1.544500,-0.339000,12.383400
-0.017000,0.825600,12.321500
0.209500,12.677100,12.259900
0.859000,15.118300,9.363400
-0.339200,25.609200,-6.676000
-1.712500,24.010800,-16.055700
-0.977100,24.195700,-21.377800
1.146300,17.990900,-22.624400
1.517100,12.262600,-22.568500
-5.718300,-0.455000,-17.541800
-5.139200,-0.936500,-7.376200
-0.514200,-3.341100,3.944400
0.818100,-3.729500,10.885500
-1.723900,-1.959300,12.648800
-2.439800,-2.302200,12.585500
-2.646800,-7.187900,11.534200
-5.173900,-9.923400,10.056300
-3.634800,-11.387000,12.414600
-3.468900,-8.358400,12.352600
-1.909700,-2.254200,12.290800
-3.160800,3.614600,12.229300
0.501100,13.541000,12.168200
-0.109100,19.197400,11.450200
1.716900,23.784000,-3.329500
1.810800,23.016900,-13.893500
2.631000,24.322200,-19.424200
4.745900,17.587600,-22.560900
3.525900,11.861400,-21.504400
4.637800,2.346100,-15.768100
1.681100,-3.234800,-4.917900
3.054900,-5.036900,6.478500
4.209700,-8.181100,12.524700
-1.249500,-5.280600,11.976500
0.598800,-9.036000,9.066500
2.700100,-9.782000,12.356900
-0.938000,-6.578000,12.295100
0.260600,2.164900,12.233600
0.990900,10.647300,12.172400
0.954900,13.460900,-0.329700
-1.070700,16.803700,-15.010000
-1.182100,19.526900,-19.658100
0.892300,5.457500,-22.610100
1.721900,0.690300,-17.123300
-0.140700,-1.343500,-5.413200
0.529600,-13.840600,7.408400
-2.356500,-0.488300,12.475300
-3.262200,-9.408000,9.918400
-4.902100,-7.626100,10.548000
-5.416200,-9.439600,12.310600
-2.777300,-5.901200,12.249000
-5.117800,-1.046100,12.187800
-3.145300,9.532700,12.126800
-1.611600,18.035400,12.066200
-6.631700,13.083800,2.362300
-2.123200,25.238100,-10.706200
-1.914800,25.111900,-18.268900
-6.404400,21.734100,-20.286600
-0.877100,19.046900,-22.136900
2.642300,12.534200,-22.228700
1.926100,8.684800,-17.968700
3.732300,-2.237200,-9.993400
5.048200,-4.461300,0.287000
3.767100,-1.710400,8.061400
-2.545400,1.558200,11.819700
0.074400,-0.806500,11.898800
0.617300,-5.673400,9.818500
0.943100,-7.653900,11.754500
2.456400,-8.621300,12.333800
1.216900,-5.222900,12.272100
-0.378700,-5.559000,12.210800
0.535900,5.921700,12.149700
0.092300,8.544500,6.081900
-1.023400,20.588500,-10.355800
-1.177900,21.448400,-18.129900
0.381700,14.180100,-21.744900
1.256800,14.933700,-22.770500
0.776200,-1.526800,-17.573600
1.334800,-7.467200,-4.026300
1.454400,-4.024500,7.720800
-2.344300,-6.866400,11.387800
-4.148500,-10.304200,8.630900
-1.673200,-9.063500,12.392900
-2.742000,-2.326600,12.330900
-1.717800,-0.453800,12.269200
-1.366100,6.356800,12.207900
2.177200,21.981600,12.146800
0.941400,20.253600,-3.384000
1.170200,24.024800,-15.403900
2.839700,16.762700,-19.940400
4.291000,11.502900,-22.071200
5.456300,4.765700,-20.755100
5.562500,-4.404300,-12.072300
5.372700,-8.030700,1.600000
4.499800,-6.165100,10.311500
1.632000,-7.294800,10.055000
1.023300,-8.152000,10.388400
2.462300,-7.841900,12.392500
0.433900,-6.997300,12.330500
-0.447600,3.098900,12.268900
0.267200,11.026100,12.207500
-0.411000,22.564500,-2.008200
-1.724300,13.770300,-15.062000
-0.450300,19.377800,-19.631300
1.208100,15.584800,-22.199700
1.781200,7.583300,-22.122100
1.245600,1.235100,-16.020500
0.152700,-3.089200,-5.660000
0.530900,-4.532200,4.925200
-3.227500,-3.716000,11.237100
-2.134200,-3.166000,11.850600
-5.128500,-7.897200,10.080300
-6.461200,-11.422700,10.558900
-7.294000,-5.956100,12.416700
-1.988600,-5.297200,12.354600
-4.390300,7.423800,12.292900
-1.036800,5.342000,12.231400
2.054400,14.382800,2.991400
0.485600,16.467500,-12.427600
2.120300,16.992900,-18.842600
4.192500,17.334500,-20.890700
4.433700,12.162400,-22.149400
4.073100,5.915200,-18.962100
5.208500,2.990200,-12.347300
2.713700,-1.743200,-2.727200
4.127500,-5.197000,6.277700
4.238000,-7.129900,12.665600
2.601100,-3.827100,12.602300
0.348000,-6.777200,11.226800
-0.904800,-9.188300,11.935700
-1.736800,-6.587800,12.423500
0.192600,-10.760900,12.361400
0.139300,2.340100,12.299600
-2.373200,5.199900,12.238100
-3.834000,13.991200,12.176900
-3.564600,19.233000,12.116000
-3.103600,20.707300,-2.177900
-2.573300,21.828700,-13.624700
-1.712100,22.262800,-19.530900
-0.738400,16.999400,-21.630400
0.595000,17.748500,-23.307100
1.826500,10.255600,-22.368400
-0.091500,3.538900,-16.639800
0.137800,-3.966300,-6.941000
0.399200,-5.602700,3.595800
-1.301900,-6.411100,10.915200
-2.803900,-6.626900,12.614000
-4.381700,-5.928900,11.624500
-6.897700,-2.567700,10.286700
-6.789400,-10.897900,12.441300
-4.789400,-10.619400,12.379100
-2.384800,-10.680700,12.317200
-1.970200,-5.017600,12.255600
-2.382100,0.297800,12.194400
-4.379100,10.114500,12.133400
-1.547600,17.715800,12.072700
1.291200,15.930500,11.677000
0.546000,22.976200,-0.277600
-0.381300,23.127600,-10.728200
-0.081600,23.012000,-18.040600
2.328100,21.791800,-20.874400
4.044200,15.851500,-22.130700
4.295600,12.981700,-23.218700
5.696800,5.319700,-21.925400
5.268000,1.087000,-14.935900
4.278900,-5.831700,-4.194800
4.564900,-9.372300,6.221100
4.966300,-4.981200,11.940200
-3.377800,-1.048100,12.544800
1.960500,-6.881300,12.482100
1.040300,-8.648500,11.421800
0.756300,-7.640100,11.402800
2.234800,-11.217000,12.305500
2.514300,-13.262700,12.244000
1.917900,-6.023400,12.182800
0.285500,-2.435400,12.121900
-2.964000,9.573000,12.061300
-1.807700,9.263000,12.001000
0.281700,15.908300,11.941000
0.671100,21.969800,6.458000
-1.462700,22.714900,-5.275000
-3.106800,22.601300,-14.254100
-1.635200,22.488300,-19.456500
-2.270500,20.646400,-22.693100
0.338400,17.921800,-23.902300
-5.099000,13.359200,-23.260900
-5.595400,9.779800,-23.742700
-4.061400,5.067300,-21.102700
1.139700,1.698500,-16.207300
-0.012300,-3.593200,-9.527600
0.717000,-5.190900,-2.252200
-0.196900,-7.598000,4.972500
0.056700,-6.449500,9.475500
0.189900,-5.664300,12.685100
-1.200400,-5.910000,12.621700
-2.026100,-4.086000,12.158800
-4.153600,-7.440000,9.931800
-4.047000,-11.127500,10.742500
-4.074400,-13.662200,12.394400
-2.748100,-11.020200,12.332400
-1.333200,-9.930800,12.270800
-4.557900,-3.389800,12.209400
-3.979900,4.348200,12.148400
1.068300,12.693400,12.087600
1.827900,21.370900,4.993000
0.067200,22.298300,-7.347500
-0.252500,22.205300,-15.987400
-1.664400,19.356700,-18.559800
0.319500,19.331400,-21.369600
3.759000,15.824600,-22.461400
5.939800,7.905300,-22.113200
3.979800,2.029700,-18.678300
4.174400,-3.206500,-12.310300
3.619700,-6.738800,-3.305200
4.118700,-9.221600,3.314800
-1.611600,-8.329500,8.047600
3.775000,-7.654000,11.574800
4.046800,-6.734000,12.598200
-5.670000,-6.631200,12.535200
2.696600,-5.621000,12.472500
-1.978100,-7.165700,12.384600
-3.900900,-8.771800,12.198700
-2.604100,-9.216500,11.267900
-1.764100,-11.975200,12.230900
-2.553600,-13.750300,12.169800
2.160900,-12.699700,12.108900
2.750600,-9.969600,12.048400
-1.037900,-4.374400,11.988100
-0.494100,1.812400,11.928200
0.147000,7.436900,11.868500
0.870700,14.403500,11.809200
0.823500,20.739400,8.869700
-0.269700,21.253000,-3.914500
-0.556700,22.104100,-13.114900
-1.497600,21.993600,-17.915500
-1.714100,20.833300,-20.220900
-0.363900,17.874200,-21.199300
-0.598000,15.246900,-24.439100
0.570300,9.146300,-24.066700
0.329100,1.710800,-19.926100
0.668300,-1.207500,-9.779600
1.780200,-7.244800,1.588800
0.973000,-1.551300,8.701400
-1.834400,9.740200,12.427200
-1.963400,-8.064600,11.145600
-3.185600,-10.118900,9.926900
-3.365100,-10.935800,11.664600
-0.541000,-11.939200,12.201400
-1.768000,-10.268500,12.140400
-1.539900,-9.623800,12.079700
-2.170900,-7.647800,12.019300
-0.842200,-1.725800,11.959200
-2.556200,3.666100,11.899400
-0.691700,6.710000,11.839900
-0.249800,9.926900,11.780700
-3.101100,10.689900,11.721800
-3.242800,12.302200,11.663200
0.745900,11.130200,11.604900
-1.235700,12.392300,11.546900
-1.174800,14.236800,11.489100
-0.649400,14.153700,11.431700
-0.038500,15.272100,11.010500
0.259600,17.728900,5.474500
-1.228700,21.271400,-0.038700
-2.623800,21.165100,-5.965100
-2.224600,21.059200,-10.594100
-4.770500,20.953900,-14.366000
-4.329600,20.849200,-17.056100
-3.161700,20.744900,-19.251400
-4.599600,20.641200,-19.960600
-0.077400,20.538000,-21.509800
-1.471100,20.435300,-22.960800
2.082200,18.572700,-23.518000
1.750100,17.710100,-24.775400
1.941600,12.412200,-24.780300
3.364100,7.107400,-22.042200
2.179500,0.397000,-17.499500
-0.059500,-2.998500,-12.107300
1.387300,-5.530900,-5.703100
0.169800,-10.238400,0.661900
-0.169500,-8.998100,5.524800
1.351800,-7.585200,9.912900
-1.726700,-2.111600,11.872300
-1.663300,-1.398000,12.372900
-4.343100,-7.172300,12.401000
-3.868600,-7.610600,12.339000
-3.165300,-8.637800,12.277300
-3.769000,-10.122200,12.215900
-6.631300,-10.562400,11.964800
-1.865400,-10.533500,10.613400
0.905900,-14.400900,12.042000
-13.344500,-13.189800,11.981800
0.596300,-13.881700,11.921800
-8.784000,-13.245100,11.445800
-6.311700,-12.237600,11.805000
-17.718800,-11.876100,11.746000
-16.097900,-11.416400,11.687300
-10.963000,-8.933400,11.628800
-17.494900,-10.237500,11.570700
-8.023000,-8.694500,11.512800
-3.266800,-8.122000,11.455300
-7.461300,-9.618500,11.398000
-5.739200,-8.142900,11.341000
-10.445600,-8.578800,11.284300
-9.163700,-8.600300,11.227900
1.129200,-11.290600,11.171700
0.475300,-9.315800,9.810600
-12.021300,-8.652000,4.156600
-11.882600,-2.141200,-1.769400
0.668700,-5.664500,-10.823300
4.173200,-5.297800,-19.660300
-1.795700,-1.339300,-24.289900
-9.851000,2.551700,-27.111500
5.001800,13.084000,-27.271500
-8.618500,15.039400,-26.985000
-7.943900,14.852200,-25.801500
-6.524400,17.339700,-25.117300
-14.139000,17.877300,-23.707200
3.692600,18.674400,-22.247000
-16.898700,16.922500,-20.675000
-16.814200,20.962300,-19.994900
1.297600,20.857500,-18.558100
-16.357700,20.753200,-18.591600
-11.881600,20.649400,-19.044300
-11.948500,20.215500,-18.994400
-7.370500,20.445100,-18.244100
6.318800,20.342900,-17.771600
-8.115900,20.241200,-17.871000
-4.596100,20.140000,-16.952300
0.843500,20.039300,-16.655500
-3.078400,19.939100,-16.994000
-4.383200,19.839400,-17.759800
-3.207900,19.740200,-18.381100
-5.851300,19.641500,-18.510800
-8.765200,19.543300,-17.758200
-5.570900,19.445600,-18.126900
-5.285700,18.839000,-18.524800
-8.514500,19.254100,-18.501300
-8.424300,19.157900,-18.280100
-4.571700,19.062100,-18.153000
-8.054300,18.966800,-17.738100
3.231600,18.871900,-17.404000
14.673100,18.777600,-17.367000
17.516600,17.840700,-16.965600
-6.463400,15.833100,-17.019000
-8.104000,18.515300,-16.216600
-7.603500,18.422700,-15.394400
1.106400,18.330600,-15.667700
-8.517100,18.239000,-15.758600
-1.292000,18.147800,-13.232400
-16.165300,18.057000,-9.208000
-8.773300,17.966800,-3.783400
-12.134800,11.512400,2.574400
-10.987500,6.107300,14.579200
-15.224400,11.555400,14.934700
-3.368900,-3.058000,14.860000
-8.099100,-11.404800,14.785700
-0.978500,-10.156300,14.711800
-12.281200,-15.281500,14.638200
-2.039400,-16.091600,14.565000
-14.645100,-8.809600,14.492200
-4.601200,-17.027500,14.419700
0.726500,-13.877800,14.347600
-7.591600,-16.594200,14.275900
-0.602300,-11.206600,14.204500
1.352400,-15.899900,14.133500
2.460900,-15.572600,14.062800
-6.497300,-16.972200,13.992500
-13.787900,-15.431300,13.922500
10.549900,-14.937100,13.852900
-0.810400,-15.174600,13.783700
11.406800,-15.001000,13.714800
-9.439900,-15.641000,13.646200
-6.356700,-14.247300,13.577900
-1.613700,-8.702200,13.510100
-7.148600,-13.515400,13.442500
-7.665700,-13.869600,13.375300
-3.728700,-13.566700,13.308400
-12.353300,-12.857800,13.006600
0.026400,-13.796800,12.786600
5.566800,-13.468100,12.891900
-4.784400,-15.378600,12.686800
8.768100,-14.374700,12.985000
15.291900,-15.177400,12.920100
-5.550400,-15.058700,12.855500
0.818700,-14.242200,12.791200
4.403400,-13.680100,12.727300
-6.633000,-13.764200,12.638000
9.011500,-11.853300,12.384200
2.341600,-13.419300,12.517700
-6.749600,-12.096300,12.475900
3.519400,-10.217600,12.413500
10.538900,-11.300800,12.351500
-0.304200,-12.116500,12.289700
-6.679700,-8.989000,12.228300
-6.894200,-9.742300,12.167100
-15.391000,-8.940600,12.106300
-11.546400,-8.948300,12.045800
-13.690600,-8.836800,11.985500
-13.839000,-8.814100,11.925600
-15.204400,-11.832200,10.782300
-12.835900,-6.149100,8.402500
-8.077200,-10.305400,7.030800
-7.402900,-8.862100,5.630100
-6.033700,-9.935500,3.130800
-7.712200,-8.408300,-0.032900
-3.736900,-7.398800,-3.719300
-7.452400,-6.470500,-6.731900
2.000300,-2.827800,-9.860600
12.621000,-5.134800,-11.903600
-3.203500,1.718300,-13.314400
-4.788900,-4.648200,-13.097700
13.972900,-2.392100,-13.129900
-2.027600,-4.453400,-11.913300
-14.397400,-5.055500,-11.782200
-14.883000,-4.203300,-10.839200
4.026900,-4.387200,-10.568100
-14.828800,-4.770400,-9.752700
-3.201600,-5.687800,-9.916000
-7.143900,-5.025500,-10.147700
-14.702900,-0.772900,-10.776100
-14.534100,-3.993200,-11.494300
7.522200,-2.912800,-12.039700
-10.748100,-1.642400,-14.172000
-7.908600,-1.076600,-16.543700
-12.642300,1.402400,-19.101400
-11.609200,2.806200,-20.557300
-4.223200,2.782600,-20.728500
-3.115500,0.988600,-18.940100
4.030200,-0.965700,-17.084300
-5.577000,-2.221500,-14.982800
2.009900,-4.178800,-11.922000
-4.029200,-4.820400,-9.484100
3.147200,-8.065800,-5.485600
0.789000,-5.773500,-2.827200
1.378400,-7.570100,0.430200
2.362800,-0.690500,2.865900
0.678100,-6.141800,6.080600
-0.106900,-3.508800,8.113900
-4.114600,-6.529700,11.209400
-1.356000,-1.823900,12.304400
-3.934800,-6.735700,13.231800
-4.041400,-6.594800,13.184200
-3.854400,-7.186200,13.118200
-4.173500,-6.087400,13.052600
-3.309000,-6.159500,12.987400
-5.694600,-8.433100,12.922400
-5.987800,-6.579800,12.857800
-13.216700,-6.868600,12.793500
1.319300,-8.226000,12.729600
9.720100,-7.117200,12.665900
-2.069800,-6.095100,12.602600
2.785300,-6.860500,12.539600
-9.951700,21.896000,-22.233900
16.604600,1.855300,-19.928000
-5.083100,-13.608000,12.687700
-11.382300,-14.035600,8.576100
-5.091300,-7.705200,5.804600
-14.102300,-5.057200,3.449700
-0.379400,21.979300,-6.952800
-0.437100,-7.484400,0.121400
-13.153200,-8.335800,-2.915200
-3.026200,-0.203700,-6.587200
3.072800,-2.990800,-10.257500
-8.412100,-2.890100,-14.483800
3.528500,-4.724900,-17.962100
1.852300,0.605800,-20.434000
-7.760700,8.698000,-23.136700
4.996400,11.125700,-24.062400
-13.933200,13.448300,-24.785700
-11.718800,9.971000,-25.097900
-13.805000,19.493800,-25.625300
1.787200,20.018300,-25.497200
13.710200,20.020700,-25.353000
-8.568400,13.977300,-23.867900
-8.404000,21.415700,-21.420400
-7.804300,13.990900,-16.938000
-6.609500,11.330600,-9.253800
-7.243700,9.474800,0.241300
-2.901400,9.074700,11.471300
-3.990200,4.606400,14.099100
-4.554100,0.882500,14.028600
-5.551300,-7.074100,13.958400
-8.650100,-8.478100,13.888700
-9.557700,5.574200,-25.224000
5.219700,-8.578000,13.945300
2.643800,16.503500,-21.528700
1.927600,-15.566600,13.983200
4.029300,-12.150100,13.913300
-3.101900,-14.765500,13.843800
1.143600,-15.237400,13.774500
-1.633600,-13.826700,13.705700
0.583600,-10.523800,13.637100
0.552100,-10.504500,13.569000
2.887100,-9.224700,13.501100
1.964700,-7.546200,13.433600
1.556900,-5.213600,13.366400
-0.066500,-0.259400,13.299600
1.990400,3.771600,13.233100
0.676900,4.696400,13.166900
-4.781300,6.691400,13.101100
-4.597700,6.817600,13.035600
-5.792500,4.109700,12.970400
-5.923200,5.271200,12.905600
10.375500,4.899300,12.841100
-1.250800,5.735100,12.776800
2.051200,4.698400,12.713000
-7.357800,6.471700,12.649400
-9.813700,4.842700,12.586100
-10.736900,2.609400,12.523200
-8.076200,-0.468300,12.460600
1.858600,-3.578200,12.398300
-13.325900,-6.110100,12.336300
-13.259300,-9.751900,12.274600
-13.193000,-11.974100,12.213300
4.843500,-10.146100,12.152200
3.820800,-12.578500,12.091400
-13.170300,-10.127800,12.031000
0.555100,-13.618300,11.970800
-8.276800,-13.297600,11.911000
24.114400,-10.128400,11.851400
-4.643200,-12.880200,11.792100
2.924700,-10.973700,11.733200
-0.323700,-10.206300,11.674500
-5.181100,-11.106100,11.616100
-1.075500,-10.910000,11.558100
-7.297000,-11.031800,11.500300
-2.851900,-10.962300,11.442800
16.350700,-10.078200,11.385600
10.773600,-9.615600,11.328600
4.445200,-10.716100,11.272000
2.457000,-9.666400,11.215600
7.441900,-10.468800,11.159600
1.404200,-9.456100,11.103800
1.721300,-10.197600,11.048200
21.108300,12.442200,-25.895900
-9.516900,-11.891300,11.122500
-0.654500,-12.353700,11.066900
-2.560000,-10.881200,11.011500
-4.753900,-11.639400,10.956500
6.062700,-11.957700,10.901700
4.940900,-12.529400,10.847200
7.744900,-11.747100,10.792900
1.009800,-10.330100,10.739000
-5.860800,-10.085400,10.685300
-6.367700,-9.343900,10.631900
-8.409100,-8.808600,10.578700
-5.850500,-2.518600,10.525800
-9.062200,-5.732700,10.473200
-6.193000,-6.740600,10.420800
9.199100,-6.599700,10.368700
-13.271400,-9.221400,10.316900
-2.345500,-4.969200,10.265300
-8.255600,-6.012000,10.214000
-0.307400,-5.838900,10.162900
-5.786900,-3.443400,10.065000
-3.925400,-3.819400,9.516600
-6.229200,-4.322200,9.276000
20.763700,-0.559200,9.284400
8.804200,-4.891100,8.959200
1.873200,-1.230100,9.381500
20.334800,-5.701700,9.329800
3.442200,23.497000,-21.820300
5.600700,-4.565800,9.268300
14.585400,-5.126800,9.224400
8.707400,-5.727900,9.164000
2.263000,-6.595300,8.870300
13.516300,-4.751200,8.744900
6.611800,-5.730700,8.927600
0.695000,-4.115000,9.018800
12.571000,-5.436100,8.768800
10.577900,-2.863800,7.967100
8.111000,-6.543200,7.162300
6.979000,-4.520600,7.095500
6.498400,-5.782500,6.195000
25.212800,-2.188500,5.263200
-4.724600,-5.790300,3.161300
-6.695600,-3.278200,-1.213100
14.294400,-0.392600,-7.264700
3.189400,3.855900,-13.240800
-4.802600,2.385400,-19.515900
-6.549200,7.842500,-24.541900
-4.085700,7.476800,-27.798300
-11.257300,6.607800,-29.227400
-2.705500,8.028400,-29.081200
-6.800300,6.446400,-25.742600
-4.821700,6.500000,-20.330600
-13.781700,8.121300,-10.082000
-7.829100,8.924300,-28.655100
-5.375900,12.597200,10.531400
-3.504500,1.491200,10.478800
-7.581100,-6.971300,10.426400
-5.987100,-9.700800,10.374200
-13.561400,-8.263000,10.322400
3.997900,-3.705800,10.270800
-13.513600,-5.700900,10.219400
-5.598700,-5.043300,10.168300
-3.409200,-3.216500,10.117500
-2.072000,-3.403000,10.066900
-2.631200,-0.454800,10.016500
-3.363900,-2.142100,9.966500
-9.221300,-6.602000,6.380800
-6.051000,-0.704300,-2.323000
-8.284700,-3.827300,9.896300
-7.878600,1.124700,-19.487800
-6.645300,2.942100,-25.076300
-6.126000,9.628500,-27.796300
-13.139600,13.421800,-28.834500
5.809300,15.525700,-28.571200
-13.103000,15.631600,-28.061400
-10.830800,14.102100,-26.453100
-8.334000,13.755200,-24.116500
-3.919400,16.581800,-19.232200
-12.743300,21.224500,-12.725700
-8.869100,-7.652200,11.048600
-6.382100,8.662300,9.902500
-9.109800,6.331300,10.943900
-6.411900,3.876100,10.889200
-9.361000,0.537100,10.834700
-4.879400,-7.427300,10.780500
-6.008400,-4.673500,10.726600
-6.617000,-12.173400,10.673000
-12.136400,-13.914200,10.619600
-2.464900,-13.065300,10.566500
-11.448600,-13.576700,10.513700
3.111900,-9.698300,10.461100
-11.816800,-9.299500,10.408800
-7.530200,-8.602500,10.356800
-6.656100,-9.221900,10.305000
-1.184700,-7.614900,10.253500
-9.526600,-7.534000,10.202200
-3.616600,-13.587400,8.207200
-12.253800,-6.827800,1.710500
1.969900,-7.990000,-7.222500
0.141800,-8.603000,10.137700
-4.827500,1.008000,-22.686400
-6.266600,6.862800,-27.146000
0.344300,9.893100,-28.707000
-5.967700,10.079600,-27.586400
-4.689100,12.183400,-26.083000
-5.838200,22.943900,-23.626700
-2.663400,15.520400,-19.552800
2.249500,10.540900,-9.715500
-10.146400,11.303200,3.513700
-2.129200,9.766800,10.995000
-0.455200,0.383600,10.940000
-12.001100,-2.478000,10.885300
-0.199900,-3.700000,10.830900
2.077000,-2.511400,10.776700
-5.366100,-11.266100,10.722800
-4.698300,-9.015000,10.669200
-7.829900,-7.606800,10.615900
-11.861000,-4.158600,10.562800
-10.133600,-11.894700,10.510000
-9.584900,-12.338000,10.457400
-5.166400,-10.751200,10.405200
-11.677300,-3.843800,10.227400
1.766600,-7.828100,6.063200
-3.010700,-4.876900,-0.265500
2.597400,-9.952200,-8.369000
-4.026200,-1.406900,-16.572400
1.770500,-1.113900,-22.992900
-3.426300,4.396500,-27.910900
1.421300,8.902300,-28.391000
0.365700,13.256900,-27.772400
-3.089200,21.090400,-19.972100
5.595800,23.467500,-2.766700
2.846300,10.704000,11.046700
0.377600,1.888000,10.991500
3.271100,-7.758500,10.936600
-0.081500,-9.995500,10.881900
0.288200,-9.540400,10.827500
-1.605300,-8.718200,10.773300
-2.715000,-6.620500,10.719500
-1.164300,-6.646900,10.665900
-1.904400,-10.255000,2.324900
-2.736100,-8.864400,-8.772700
0.404200,-7.254500,-17.989300
-4.261500,-1.453600,-23.418500
-5.415000,3.508000,-27.304900
-7.165700,14.114100,-28.054900
-2.599700,15.163600,-26.830300
-11.506400,15.349900,-22.842800
3.354600,8.784100,-15.055200
0.933300,4.896300,-0.093000
3.252100,13.231600,11.452700
0.364300,4.982000,11.395400
-2.235100,-4.973000,11.338500
-1.344500,-11.580200,11.281800
-5.093500,-9.053400,11.225400
-0.511600,-9.289400,11.169200
-8.447000,-8.375500,11.113400
-4.770600,-6.186500,11.057800
1.046400,-5.879100,11.002500
-5.519400,-6.345400,7.621400
-9.240300,-8.863500,-2.871100
-4.044300,-3.848200,-13.797300
-5.346700,-1.014600,-22.686200
0.594800,6.146800,-27.937000
-0.788000,-3.249300,-3.399700
-0.939000,20.001600,-24.880200
0.555100,14.816200,-11.849200
0.216400,9.382600,5.904200
-4.634200,5.558600,11.417000
-5.049500,-1.251300,11.359900
-4.819300,-6.037400,11.303100
-7.104400,-3.783800,11.246600
-7.898200,-4.968300,11.190400
-4.920400,-7.824600,11.134400
4.779400,-6.987200,11.078700
17.959900,-7.497900,11.023400
-9.294200,-7.741600,10.968200
3.730300,-8.896800,10.913400
-0.706500,-8.835700,10.858800
-0.474200,-6.706300,10.804500
-11.166900,-8.071600,10.750500
3.558900,-6.653900,10.696800
-11.128900,-5.746000,10.643300
-5.256200,-6.039000,10.590100
-9.681500,-4.185800,10.537100
-5.984600,12.702300,10.484400
-1.934500,-5.510500,10.432000
0.088800,-5.535300,10.379800
-6.226700,-4.842800,8.915400
-8.273600,-5.354800,6.232800
-5.329600,-6.235900,1.409300
-4.530900,-3.981400,-3.032600
-4.665500,-1.683300,-7.550000
9.031700,-3.910100,-10.012000
-10.625900,-1.683900,-12.554700
-3.633300,-0.977200,-14.600900
19.595700,0.872100,-16.241300
4.024600,0.817700,-18.126100
4.502500,3.337300,-20.675900
19.238200,4.671800,-21.680700
-3.801900,7.929900,-22.730400
-7.822200,6.014800,-22.466600
-1.051000,7.245300,-21.668000
-2.594700,5.052400,-21.125900
8.759200,5.987500,-22.056900
-7.915900,7.470800,-22.976100
-2.550200,9.740300,-24.145700
-7.482300,11.419300,-24.851900
-10.902600,11.907900,-24.965900
-3.348700,12.184400,-24.907800
-4.123100,12.578600,-25.002500
-6.950200,11.200300,-24.427100
11.250500,11.999800,-24.386000
28.210900,15.523900,-25.043300
-3.595400,14.078400,-24.672700
11.114000,16.207600,-24.942500
24.587000,17.668300,-24.991800
-1.666000,17.470400,-24.242400
9.383000,21.665400,-24.442900
19.216100,21.704800,-23.200700
-11.268500,22.753800,-22.241100
7.973700,22.640100,-20.671500
4.390300,22.526900,-19.722100
15.358900,22.414200,-17.881500
8.495200,22.302200,-14.863300
27.649900,22.190600,-9.782200
3.379200,22.079700,-6.904700
-11.548400,21.969300,-3.495700
9.994900,21.859400,0.332200
-6.393300,18.095100,6.972100
-11.508700,18.898300,13.795000
7.220000,13.947200,13.726100
-11.487200,9.676100,13.657400
-11.429800,12.835300,13.589200
5.408700,3.679800,13.521200
-0.957200,-0.046600,13.453600
0.508400,-6.280400,13.386300
-11.397400,-6.985300,13.319400
-9.257700,-10.370100,13.252800
-5.238900,-10.225300,13.186500
7.386500,-7.924600,13.120600
-11.304900,-7.463200,13.055000
-6.356000,-10.545200,12.989700
2.969700,-8.648000,12.924800
-7.342300,-5.106500,12.860200
-5.670800,-8.514900,8.680900
-5.375600,-10.395500,-1.783500
4.316900,-6.511600,-13.353800
-4.457600,-1.348300,-21.065300
-4.645000,3.307800,-25.909600
3.101700,2.540600,-25.980200
-3.960500,5.916500,-25.659600
-6.962400,8.551200,-22.786100
1.675200,21.764700,-19.202400
15.807800,14.831500,-15.243500
-11.163900,21.581800,-11.144700
8.044500,21.473800,-6.616000
6.846100,14.754100,-1.645300
-4.846000,16.067300,6.041100
5.916200,5.256100,13.674200
-5.387500,0.587600,13.605800
6.761900,-0.525800,13.537800
-1.595800,-6.294900,13.470100
-0.270000,-13.105100,13.402800
-6.471800,-14.138200,13.335700
-5.498100,-11.303200,13.269100
-7.827400,-5.303400,13.202700
-2.381200,-10.131100,13.136700
-1.180100,-8.743600,13.071000
-2.146500,-9.350400,8.886000
-4.533100,-6.374900,1.570900
8.076800,-2.301400,-5.783900
-0.699800,2.326100,-11.846000
-3.289100,-2.346800,-17.148700
-4.128200,5.014300,-20.546900
-10.591800,8.883100,-24.597800
-5.520100,7.823500,-25.690200
5.257400,9.168900,-24.882600
13.092800,19.153300,-23.974100
-4.054400,21.370900,-22.908200
-11.025900,14.978200,-21.263800
-1.393400,17.510300,-20.595000
-4.262700,21.101600,-20.275200
-2.773500,20.996100,-19.594700
-10.928700,20.891100,-18.669900
-6.610800,16.809900,-17.199100
3.609800,20.702600,-13.600500
7.888400,20.599100,-9.865000
-5.767800,20.496100,-7.587500
-4.218500,20.393600,-3.743900
-8.827700,19.653600,0.921800
0.303000,18.733200,4.568000
13.434400,17.943700,7.047400
-10.873100,17.799100,10.715400
5.760100,16.759300,12.034400
17.872900,15.164600,10.277500
8.682700,17.533800,8.410300
-5.835300,17.436600,6.709600
11.123000,18.259800,6.545000
24.040700,17.334400,6.233500
-0.882200,17.371700,5.415900
27.920700,18.774200,4.569000
-4.527600,17.834300,4.055300
10.655900,16.799100,4.130300
24.412400,18.030600,5.961300
-4.125100,15.850500,8.898400
-5.643900,13.273800,13.174400
8.144000,13.319400,14.003900
8.930200,12.807200,13.933900
10.930200,10.317200,13.864200
-0.079300,10.587300,13.794900
0.626500,10.501000,13.725900
7.620000,11.692500,13.657300
1.281100,9.799100,13.589000
1.010200,11.301400,13.521100
3.736100,11.669100,13.453500
5.628600,12.020700,13.386200
7.673700,12.494400,13.169700
-0.567100,14.197700,7.947000
1.699600,18.115400,1.058400
6.202200,18.024800,-3.958500
0.154000,17.934700,-8.607100
4.173500,17.845000,-11.843100
1.581300,17.755800,-14.612600
3.310600,17.667000,-15.940700
0.441600,17.578600,-16.280400
-0.699700,17.490700,-16.587500
-3.250900,17.403300,-16.561700
5.944900,17.316300,-17.486900
-3.235700,17.229700,-17.871300
0.581400,17.143500,-18.292000
-8.155400,17.057800,-18.319700
7.239400,16.972500,-18.073200
1.009600,16.887700,-17.668200
-3.506500,16.803200,-17.313000
-8.788900,16.719200,-16.559200
6.268300,16.635600,-14.944100
14.291600,16.552500,-13.241700
8.448400,16.469700,-13.342300
-8.201300,16.387300,-13.680700
27.275000,16.305400,-12.663900
-2.617800,16.223900,-13.418000
-0.128800,16.142800,-13.312700
3.136600,16.062000,-13.250900
5.549300,15.981700,-13.127500
-5.183100,15.901800,-12.933200
4.494100,15.822300,-13.197400
3.606600,15.743200,-13.810500
6.431600,15.664500,-14.513600
5.875100,15.586200,-15.701700
8.128700,15.508200,-16.662200
4.644600,15.383600,-17.243700
2.774500,14.806300,-18.034500
3.554200,15.279700,-18.409000
7.065700,12.654100,-19.108100
2.474000,10.157700,-19.167500
9.763300,9.070300,-20.141600
7.676900,7.854900,-20.367400
9.704700,4.303000,-19.767500
5.171200,1.888900,-19.921300
7.199600,0.120800,-19.337900
7.590100,-0.530400,-18.025900
9.108300,-2.534300,-16.992000
3.014600,-3.441400,-16.628300
-3.663500,-3.171600,-16.726200
-5.453900,-3.332100,-17.043000
6.393300,-3.067600,-17.698900
-5.820800,-1.508100,-17.829600
11.754700,-0.876200,-17.931100
-6.062500,1.051300,-18.301400
18.553600,1.403500,-18.934300
11.909900,-0.064300,-17.862600
4.756000,1.995000,-18.931400
-2.571800,2.495000,-19.303900
-6.776900,5.425500,-19.526700
1.378400,5.276900,-19.395700
5.072300,6.406300,-18.028500
1.050600,7.043900,-17.619100
2.830300,9.255900,-18.427000
-1.594900,8.513700,-16.211600
-0.195200,11.385600,-17.214800
-3.628200,11.674300,-16.759300
-8.829000,14.706100,-17.118800
8.270600,14.632600,-16.251600
-6.100000,14.559400,-14.123300
-3.443300,14.486600,-8.705100
-8.673600,14.414200,0.658500
-5.017500,12.164600,15.103600
1.315500,2.864700,18.513900
-0.383100,-4.093800,18.421300
-2.249500,-20.030200,18.329200
-6.127300,-23.137600,18.237600
-12.433200,-22.831300,18.146400
-12.199500,-21.940300,18.055700
-12.310000,-21.599400,17.965400
-12.248500,-19.944800,17.875500
-6.070000,-19.216000,17.786200
-6.852200,-19.417800,17.697200
-5.950600,-16.427700,17.471100
-1.536000,-18.049400,17.521400
-5.527100,-14.889800,17.433800
-4.777400,-14.615200,17.346600
-1.105000,-14.208500,17.259900
-3.587400,-14.187500,17.173600
-5.461600,-14.519300,17.045400
-3.985400,-13.233700,14.245900
-9.081900,-13.656100,9.120200
-9.436800,-13.966700,6.455700
-5.181200,-12.884100,3.725800
-8.065000,-12.045100,0.511500
-6.163500,-11.246200,-1.869300
-6.637900,-10.839600,-4.569500
-8.079800,-9.274600,-7.639900
5.922900,-6.964300,-11.426400
-2.001800,-4.770500,-14.965300
-6.660200,-1.727300,-17.545200
-6.014400,1.529400,-19.635600
-7.561900,5.370400,-21.110200
-10.388500,7.721800,-21.386000
5.994400,9.046300,-20.559300
-11.596200,13.941100,-21.507500
-1.982200,6.753300,-20.351400
7.762400,13.241900,-20.197200
-4.739700,15.005900,-19.057200
-6.095800,15.834000,-18.030200
-11.296100,15.773300,-15.952600
-8.449100,15.694400,-12.591300
4.321000,15.149500,-6.663700
-2.759200,12.940900,1.336100
-11.422000,14.861300,11.011800
0.907800,5.543200,18.145700
-11.369500,4.316800,18.055000
-0.219500,-0.325500,17.964700
-6.774200,-6.393500,17.874900
-7.691200,-13.279500,17.785500
-3.284600,-18.050700,17.696600
7.620000,-19.976500,17.608100
-6.637800,-19.347600,17.520100
1.333300,-18.338200,17.432500
-0.300900,-18.291700,17.345300
-9.142900,-19.494300,17.258600
-11.165700,-18.991700,17.172300
-11.131300,-16.416000,17.086500
-0.788000,-14.294000,17.001000
-3.379200,-15.454600,16.916000
-11.054800,-11.180800,16.831400
-6.438400,-12.411700,16.747300
-8.827400,-11.751500,16.663500
-1.260000,-10.965900,16.580200
23.015300,-10.918200,16.497300
-6.132400,-11.073400,16.414800
-8.377600,-11.766300,15.234800
-3.958000,-12.405700,13.399900
-10.939600,-12.388900,9.853700
-6.443000,-11.218900,7.323700
1.062500,-11.965800,4.696700
-7.076200,-11.184000,1.308300
-8.368100,-10.136700,-2.451500
4.847200,-9.139900,-5.782700
-6.885000,-7.371300,-9.905000
1.804700,-4.720200,-13.215600
-10.117200,-2.725900,-16.628800
-6.878100,1.255500,-18.861900
5.426600,3.842000,-20.840900
6.066700,8.179000,-22.090200
-10.497200,13.052000,-21.543700
-4.963700,11.685600,-20.814000
-8.985300,13.912500,-19.041800
-2.532300,13.676100,16.929600
13.346600,16.883800,-17.515600
-0.038900,16.799400,-16.296100
0.657100,16.715400,-14.465500
-10.687100,16.631800,-8.747700
0.800200,16.548600,-2.438900
-1.277000,12.739400,6.528700
1.453200,10.016200,17.109600
-3.434600,3.217400,17.024000
-7.101600,-2.539500,16.938900
-1.149000,-7.933900,16.854200
-10.580100,-15.441300,16.769900
-4.977100,-18.400100,16.686100
-3.012400,-21.575300,16.602700
-10.127400,-21.067000,16.519700
-8.244200,-20.918800,16.437100
-10.395400,-18.567000,16.354900
0.747300,-16.670200,16.273100
0.193100,-11.317900,0.099600
-10.348100,-13.653900,16.191200
-8.885600,-13.335400,16.110300
5.704900,-14.920200,16.029700
-7.044300,-12.979700,11.431900
-8.615200,-11.344400,5.224100
-9.115500,-15.427000,-1.333900
1.839700,-13.288500,-8.140400
-2.182600,-4.800400,-14.009600
-1.287600,-10.054800,-18.927300
10.038300,3.748000,-21.096500
1.423500,9.136400,-22.394700
-5.010700,10.287000,-22.573400
-1.382500,10.342800,-21.097500
4.308000,16.239100,-16.857400
-2.340800,13.572300,-9.888500
-4.283200,-17.765800,9.049000
-2.138500,10.976700,14.220200
-0.907700,-1.117300,16.531500
-0.862600,-4.657700,16.448900
-10.142700,-11.940800,16.366600
8.157400,-11.814400,16.284800
15.037000,-8.390400,16.203400
3.439800,-15.492900,16.122400
4.461600,-12.665400,16.041800
-7.261500,-19.010000,15.961600
1.542100,-18.266800,15.881700
5.933400,-17.493900,15.802300
2.593700,-15.504800,15.723300
-5.555000,-16.599700,15.644700
-6.158700,-15.856600,15.566500
-0.115500,-14.264100,15.488700
-6.811200,-11.469000,15.411200
-5.952700,-10.811100,15.334200
16.079800,-6.589100,15.257500
-7.945500,-9.542100,15.084100
-6.454500,-10.750200,10.075800
-10.146900,-6.559500,0.848300
-6.659800,-9.581800,-8.790600
-2.932800,-3.926600,-16.341400
2.584300,-4.178600,-21.123500
-2.380600,1.482900,-23.184100
2.611900,-1.822600,-21.230800
3.423400,1.744400,-19.318300
-6.090200,5.207800,-15.809200
-6.889000,10.758000,-10.768700
0.158700,7.453800,-3.394100
-10.015300,12.661600,6.796100
15.385600,12.595900,15.717000
-9.803800,-0.418900,15.638400
-9.993100,7.509200,15.560200
5.172500,-1.524400,15.482400
-9.969000,-3.799700,15.405000
1.100000,-6.359100,15.328000
-9.059600,-9.711300,15.251300
-4.801100,-13.051400,15.175100
-9.855400,-11.508700,15.099200
-3.424300,-13.495800,15.023700
3.506000,-13.966900,14.948600
4.515600,-17.874300,14.873800
4.540700,-18.116200,14.799500
13.435300,-17.429900,14.725500
-0.484500,-17.378500,14.651800
-3.415600,-17.234400,14.578600
8.747900,-17.384100,14.505700
5.713400,-17.068400,14.433200
8.582600,-16.334900,14.361000
8.127400,-17.659200,14.289200
9.971800,-17.556600,14.217700
-3.618500,-16.701500,14.146700
0.839200,-17.368700,14.075900
5.153100,-17.560600,14.005500
-7.467100,-15.051600,13.935500
1.861700,-14.430700,13.865800
-0.466300,-14.987600,13.796500
-0.421100,-14.924600,13.727500
-3.633700,-10.534300,13.658900
-7.230600,-14.926000,13.590600
6.362700,-14.815600,13.522600
-2.512600,-13.197300,13.455000
7.844800,-15.769400,13.387800
-3.006300,-14.289300,13.320800
-0.088700,-15.287900,13.254200
5.499900,-14.901600,13.187900
-5.503900,-15.346600,13.122000
-6.398600,-14.557300,13.056400
-10.041200,-14.973100,12.991100
-9.991000,-15.479700,12.926200
-9.941100,-15.909900,12.861500
-9.891400,-14.586400,12.797200
-9.841900,-14.001100,12.733200
-9.792700,-15.063000,12.669600
-7.777700,-12.428300,12.606200
8.213300,-10.700400,12.543200
1.197000,-8.540300,12.480500
2.670900,-8.321300,12.418100
1.013200,-3.828100,12.356000
0.391000,-4.397600,12.294200
3.987400,-6.327300,12.232700
4.608500,-3.824500,12.171600
2.698100,-3.192900,12.110700
0.656600,-1.234800,12.050100
5.645800,0.785100,11.989900
2.317100,0.552400,11.929900
2.274500,3.640400,11.870300
2.310800,4.511100,11.810900
-1.997400,5.932700,11.751900
3.214800,5.907800,11.693100
1.623500,5.873500,11.634700
2.480500,8.198500,11.576500
1.183600,9.332400,11.518600
2.469300,11.723600,11.461000
1.742000,12.017700,11.403700
1.971600,13.320700,11.346700
3.942100,14.102400,11.290000
1.618000,-7.594200,10.767000
10.296100,18.747800,5.763600
10.206500,20.655800,1.030700
9.402400,20.578800,-3.926500
8.773900,20.904200,-8.758700
10.317200,20.702600,-12.837600
7.236700,20.696200,-16.016700
9.419100,20.592700,-18.269600
10.854300,20.009000,-19.629600
9.186700,18.488600,-20.067600
10.823200,16.921100,-21.225500
11.829500,14.200800,-22.251300
10.416800,11.479900,-22.759700
12.616700,6.654000,-22.429000
12.012700,3.498900,-20.705900
11.426000,-0.395800,-17.266100
11.478500,-3.830100,-12.182600
11.228000,-3.191400,-7.724900
11.991700,-5.718100,-3.477800
11.943600,-7.479200,0.171300
9.334000,-7.072500,3.349400
10.405000,-5.581100,5.977900
10.372100,-7.736000,8.188000
9.007100,-4.732800,10.086900
10.027300,-7.780900,11.018300
3.404800,-8.783400,11.601800
5.246500,-8.505900,11.956100
4.264700,-8.940000,12.081600
8.606700,-8.840500,12.021200
4.452900,-7.981300,11.906900
6.642100,-9.314000,11.380300
5.264900,-10.787800,11.626000
4.483100,-12.001700,11.189000
3.421700,-8.007300,11.730600
0.878600,-4.611900,11.671900
8.006600,-10.289100,11.613600
8.052400,-11.403000,11.555500
5.595700,-14.246100,11.497700
3.148900,-10.340600,11.440200
-0.348400,-11.990300,11.383000
3.518600,-8.706100,11.326100
3.300800,-5.052300,11.269500
4.216100,-1.507300,11.213100
-2.303500,3.075700,11.157100
6.198800,3.646600,11.101300
1.892600,10.717900,11.045800
7.030500,12.101300,10.990600
6.995400,12.040800,10.935600
2.837700,-5.720700,-11.728800
-2.207100,-8.878200,-8.591300
-1.092700,-11.776900,-6.427400
3.376200,-9.056100,-3.645200
3.028100,-8.038600,-0.860300
1.154200,-9.347200,2.527900
3.960400,-8.552200,5.658500
5.141600,-8.385500,8.044300
2.070400,-8.017100,9.379100
2.939400,-7.774500,10.364000
2.834100,-8.414700,9.764100
2.057400,-9.850200,9.062300
2.557100,-12.176800,9.281500
3.025700,-13.881800,10.716800
4.507100,-14.632100,10.663200
5.440200,-12.888400,10.609900
3.396900,-10.710200,10.556800
3.961400,-6.331500,10.504000
4.515900,-0.025200,10.451500
5.332100,4.154700,10.399300
8.358200,10.029600,10.347300
8.816800,16.845000,10.295500
10.073900,18.181100,1.148600
7.926400,21.525900,-9.845400
8.163200,21.418300,-16.425800
7.433700,21.311200,-19.329600
7.913700,21.204700,-21.070300
7.242600,21.098600,-21.258100
6.331800,20.205000,-21.811900
4.408000,19.784600,-21.116600
7.312300,19.063700,-21.664000
3.212700,-12.637900,11.000900
7.464700,18.526400,-23.142900
9.205100,15.988700,-23.911300
10.448300,10.096500,-23.660700
10.636700,6.917100,-22.767900
5.531500,1.842400,-21.059800
3.478200,-1.712800,-17.861300
9.413700,-3.879900,-13.206100
2.260400,-5.261800,-9.799000
8.580800,-7.647100,-5.057800
9.403000,-5.986000,0.946500
8.979400,-4.445200,6.563400
7.731100,-6.138800,10.293400
7.792500,-5.567200,10.270500
6.335700,-8.260800,10.185800
6.878300,-12.601900,11.438400
8.833800,-8.401900,11.499800
7.128600,-8.869900,11.442300
4.555000,-5.961100,11.385100
5.344900,0.965200,11.328100
5.730400,7.323100,11.271500
5.985300,15.667700,10.229100
7.108800,20.760600,-4.132200
5.293100,20.694300,-15.071100
4.160900,20.590800,-20.545900
4.928900,18.172200,-21.739500
5.983800,13.248500,-22.982000
5.779900,9.433700,-22.969600
4.571400,3.090500,-21.796700
5.218200,-4.962900,-15.529900
5.313600,-7.802500,-4.128000
2.198600,-9.210000,7.331200
4.191800,-8.880400,9.646600
2.536000,-8.669200,11.056800
1.014900,-11.144700,9.805300
1.457800,-13.986800,11.422000
8.902300,-5.068600,7.690200
3.608000,-11.558500,11.623700
2.164900,-6.575000,11.565600
2.344700,-2.941300,11.507800
5.719300,2.042100,11.450200
8.040400,14.769200,10.847800
5.476500,17.693200,-3.004200
5.082100,17.163900,-13.226800
7.113300,18.395900,-18.791800
0.062000,18.463600,-20.220600
8.273700,12.642400,-21.070300
8.806600,8.728200,-21.994400
6.613100,2.822300,-20.921700
6.541900,-4.326600,-15.000100
8.720700,-7.243300,-4.818600
8.341100,-7.552600,5.335800
7.019700,-6.390100,10.201500
5.218700,-7.821300,9.063900
5.180700,-11.428300,11.425400
6.946900,-10.513200,11.853800
5.694400,-10.772800,11.794600
3.981100,-2.661900,11.735600
4.566500,0.220600,11.676900
4.565100,7.068400,11.618500
4.528000,13.824700,11.560400
4.607800,20.396500,3.767900
-1.039200,20.294500,-8.671400
2.171200,20.193100,-17.426200
3.552000,17.907400,-21.366500
5.066600,13.013700,-22.768100
4.876800,7.963300,-23.352500
3.975500,0.369200,-20.373700
4.041400,-6.033500,-13.315700
5.334200,-9.141800,-3.402400
4.178000,-9.360600,4.655000
2.217300,-9.158900,9.309700
1.546100,-8.703200,10.468900
-0.094000,-12.918200,10.028100
-1.547200,-14.638500,11.964900
-1.317800,-14.875100,11.905000
-0.860900,-13.621100,11.845500
-1.433200,-10.297800,11.786300
0.137200,-6.547800,11.727400
2.405200,-2.559200,11.668700
5.433900,6.428100,11.610400
6.996200,10.208900,10.442400
7.325900,19.728100,-3.467200
5.301800,20.303300,-14.085400
5.723300,20.201800,-19.233800
6.476300,18.600000,-20.424500
8.338400,13.762400,-21.840400
8.728100,5.026500,-21.240300
8.429400,-1.230300,-16.263100
7.696200,-6.407300,-6.115800
7.395600,-8.112500,4.597900
6.391100,-6.782700,9.653200
4.753000,-8.741000,9.547800
5.372600,-9.255000,10.760700
6.308500,-11.131800,11.940700
5.764600,-9.369900,11.881000
3.605400,-5.703200,11.821600
3.260900,1.460200,11.762500
4.112000,8.225500,11.703600
4.329700,14.828300,11.645100
4.091200,20.124900,-4.078600
2.107100,20.024300,-15.756600
2.763900,19.143100,-19.972100
2.835800,17.617600,-21.521300
3.205300,11.550400,-23.201000
2.524400,3.514300,-21.891100
3.855800,-5.127600,-14.861200
3.815100,-7.868600,-4.327700
3.348000,-8.522800,5.006800
1.391500,-7.136100,9.676400
-0.216900,-10.451000,10.159400
0.065400,-13.503800,10.463700
1.797500,-15.030600,12.038400
2.174600,-11.576300,11.978200
0.807800,-9.368900,11.918300
2.374200,1.494600,11.858700
5.472200,10.742900,11.799400
7.434700,16.415600,2.180300
7.009000,15.840300,-11.523600
6.514100,18.415800,-18.062300
7.163100,18.299900,-19.978500
7.120100,12.312700,-21.839800
7.344200,3.972400,-21.025200
7.712600,-3.980600,-14.545500
7.547800,-6.517700,-3.150900
7.171600,-9.597300,6.468500
5.410500,-7.914600,10.106100
3.886900,-10.684600,10.341500
3.693500,-14.815800,12.145600
4.847500,-13.817100,12.084900
4.627800,-11.267300,12.024400
2.760200,-6.564000,11.964300
2.021900,1.480600,11.904500
3.155700,8.681900,11.845000
4.000200,15.010800,8.111700
2.729100,19.751800,-6.529800
1.829000,19.821700,-15.988800
2.282100,19.260900,-20.553400
2.501900,17.108000,-21.775600
2.053300,12.847300,-23.289600
2.848500,4.854700,-22.844300
2.343300,-1.599000,-18.733700
2.248200,-7.651100,-8.631200
2.549100,-9.514500,1.918800
1.788100,-7.696300,8.028800
-0.334600,-8.744500,9.892700
-0.761900,-12.675700,10.010100
-0.355300,-14.714200,12.287700
1.347900,-14.071100,12.226200
1.503300,-11.079100,12.165100
0.444800,-6.662700,12.104300
1.784200,1.842300,12.043800
4.982900,10.312000,11.983500
6.642800,17.423800,2.709000
6.254500,19.371800,-10.907000
5.863400,18.981900,-17.372500
6.270200,18.865500,-19.742500
7.292100,14.162400,-21.726600
0.223300,-2.327600,12.258800
4.866700,-0.485800,-19.060300
5.931500,-6.336100,-11.217700
6.638200,-8.113200,-0.709600
6.221300,-5.901700,7.103200
4.605500,-6.761000,10.628000
3.245600,-9.768000,10.672500
3.174500,-12.102200,10.747800
3.828300,-15.180100,12.156700
4.357200,-14.174900,12.095900
4.121000,-12.962500,12.035400
2.284500,-8.705900,11.975300
2.254000,-2.511800,11.915400
1.692300,1.752200,11.855800
1.767200,5.522900,11.796500
2.530500,12.389400,11.737500
3.811800,19.359900,3.188700
3.044500,19.751000,-7.696300
1.578000,19.652200,-15.676800
1.126800,19.554000,-19.921300
5.980200,-3.084400,-17.038300
3.152600,14.794300,-22.693800
1.916800,10.287900,-23.516900
1.463900,2.224600,-22.548600
2.009500,-3.310400,-17.950900
5.538300,18.375200,-19.607900
2.124300,-10.408500,-0.421700
1.208100,-10.034800,6.515000
-0.027600,-7.189300,10.316800
-1.962500,-10.051100,10.610800
-1.952700,-13.573100,11.189200
-0.994500,-14.956500,12.305100
-0.350900,-13.473300,12.243600
3.397000,-9.333300,9.973900
-0.544800,-2.421100,12.132500
2.589200,4.964100,12.071800
5.099900,13.196600,11.704700
5.744100,19.626200,-3.722100
4.657300,19.528000,-14.341400
5.541900,18.575500,-18.437600
6.090900,15.256000,-21.410100
6.522800,7.098800,-22.251500
5.713300,-1.963700,-17.981800
5.839600,-7.580200,-8.150000
5.500600,-9.808600,3.024300
4.925000,-7.841200,9.693700
3.341900,-8.007000,10.021700
3.098800,-12.652000,10.557800
4.525000,-15.093300,12.317900
3.747000,-14.264800,12.256400
1.207000,-8.831600,12.195100
0.652900,-0.902000,12.134100
1.905500,8.749100,12.073400
2.939700,15.480400,6.871000
1.337900,19.539300,-8.438600
0.525700,19.441600,-17.087400
1.550200,18.170200,-20.676600
1.933300,11.683200,-22.710800
1.461300,2.240400,-21.191300
1.473000,-7.646200,-11.159900
1.897000,-9.497700,1.285300
1.713600,-8.063300,8.084900
-0.418300,-9.333600,10.313100
-4.036000,-12.985400,10.721500
-1.861600,-15.749200,12.333000
-0.317600,-13.082400,12.271300
-1.021400,-7.400200,12.210000
-0.704100,-0.850300,12.148900
2.373500,5.204500,12.088200
3.858200,11.755600,12.027700
4.096300,17.318500,-0.194900
3.611100,19.209800,-10.636400
3.519200,19.339500,-16.497900
5.341300,18.676300,-19.096400
6.084300,15.639800,-21.419700
5.267500,9.892400,-22.818600
5.298400,0.980400,-21.477300
5.457700,-2.201100,-16.694400
4.808500,-8.531400,-8.451300
5.775800,-10.178300,0.439200
-5.262800,-14.376400,12.488000
4.982000,-8.382700,10.199800
3.019700,-9.584700,11.690600
2.163400,-9.696400,10.800500
2.893700,-12.243100,11.461400
2.872100,-16.042400,12.368600
3.472600,-15.745300,12.306800
3.183500,-12.980900,12.245300
1.999900,-10.397100,12.184000
0.684000,-3.348500,12.123100
5.206000,-7.504500,6.722700
1.252700,7.851200,12.028900
0.869900,12.254000,11.968700
2.212000,16.820600,1.185800
1.774400,18.430800,-11.071400
-0.048000,19.446200,-17.991200
0.095200,17.157100,-19.962600
1.493600,14.097300,-21.707200
1.247800,8.383800,-23.309700
0.464700,1.166500,-20.788700
0.388500,-7.122800,-10.735500
1.099100,-9.906300,1.609900
0.052200,-8.767700,8.281500
-2.095200,-11.064000,9.922600
-2.296800,-13.267800,10.528300
5.340400,17.844800,-8.908000
-0.167300,-11.267500,12.423600
-1.727300,-4.526700,12.361500
0.955100,1.577400,12.299700
4.527300,11.764200,12.238200
5.515000,16.252200,-3.617200
4.722500,18.444400,-14.575400
5.378100,17.830300,-17.695800
6.109000,13.899700,-19.842600
6.018900,6.845500,-21.862000
5.264300,-1.217200,-17.796800
4.832900,-7.790700,-6.586100
4.756300,-10.201600,5.752800
3.307400,-10.665300,10.220900
1.751500,-13.922000,10.336600
2.588700,-15.675400,12.555300
2.852200,-15.311100,12.492600
1.999100,-12.351000,12.430100
0.504500,-3.028800,12.368000
1.607700,5.367500,12.306100
2.826900,13.934000,9.321200
2.026400,18.435000,-6.803800
0.629300,19.214400,-16.771400
0.626100,19.118300,-16.687600
1.187800,12.839300,-21.963600
0.969800,2.542300,-22.320900
0.669400,-6.104200,-13.975800
1.033100,-8.118300,-0.839700
-0.356700,-8.771200,8.224800
-3.426600,-13.362300,9.499100
-2.372900,-19.915600,12.149200
-1.541200,-17.866700,12.545400
-1.688400,-11.741100,12.482700
4.430100,-5.641400,10.655000
3.709800,-2.372200,-11.758300
4.158300,-14.840400,7.484000
5.488700,-6.783000,-20.041900
4.951300,-13.116600,-7.161400
3.596800,-11.783200,7.816100
0.676200,-12.689400,8.549100
1.278200,-10.841100,12.442600
-5.951200,-6.485500,12.380400
-2.325500,1.341900,12.318500
-1.329600,6.265700,-9.094600
-3.236600,4.187300,-16.362700
-2.708000,-1.724500,-21.161400
-0.637900,-10.857200,-10.188900
0.449500,-12.175600,5.735500
-3.015300,-15.050600,9.038300
-2.557000,-17.572900,12.143500
-1.910300,-16.767700,12.406300
-0.861700,-5.636100,12.344300
5.500600,-3.603800,4.607400
4.038500,-2.301300,-13.974800
6.472800,-7.134500,-17.155400
4.927200,-18.840100,-17.367500
3.332100,-13.608000,1.717000
1.659300,-8.635700,9.365100
-0.019500,-10.427500,10.822000
0.390400,-10.530200,12.392500
-2.023200,-7.887200,12.330500
0.331900,-0.522300,8.008600
-1.464200,-2.388000,-14.048400
0.730700,-1.544400,-17.600400
0.434000,-7.291700,-21.477800
-0.476100,-11.909300,-11.397300
0.603400,-12.984100,4.261400
-2.071000,-15.173500,9.606800
-3.197400,-15.424200,10.645400
-1.308300,-16.612400,12.428900
-2.579100,-15.407000,12.366700
2.557300,-8.295200,12.304900
4.512900,-4.779200,-4.230000
4.342600,3.664000,-15.525900
6.065300,-1.728100,-18.215000
4.721900,-9.185500,-17.954700
4.803200,-12.976300,-1.703200
3.313600,-11.352900,9.150600
0.487400,-14.925500,8.973800
1.428700,-16.380800,12.440900
-2.129200,-11.637700,12.378700
-0.012000,-11.102900,12.316800
0.331300,-1.496100,1.527400
2.805600,-11.878700,12.247600
-1.459800,-11.156800,8.722000
-3.578200,-14.330100,8.239900
0.495700,-12.402000,-13.444100
-1.055800,-8.184000,12.168800
-1.567600,-11.667600,9.079700
-3.640200,-10.801400,9.046200
-2.287500,-17.091100,12.017300
-0.924900,-15.969000,11.957200
-1.625600,-7.238700,11.897400
3.174800,-1.826400,11.837900
4.419600,3.158600,-5.678800
3.792200,1.460400,-15.561500
5.162500,-2.092900,-18.927200
4.857900,-9.045700,-18.129600
4.969400,-13.116000,-4.155300
4.008100,-11.279800,7.978500
1.180800,-12.481700,8.691600
2.266300,-16.327500,12.007700
2.257400,-13.564900,11.947600
-0.132200,-7.827800,11.887900
2.068000,5.689800,11.828400
1.297500,-13.498300,8.941200
0.144700,20.663400,-16.421000
0.985200,17.161900,-19.260500
0.923100,13.656400,-22.305000
0.287000,4.749400,-21.902800
-0.160100,-6.307800,-11.591400
0.338800,-8.640300,2.369200
-1.176100,-11.625900,8.560400
-3.562800,-9.535100,8.887000
-2.334400,-16.333900,12.082900
-2.322800,-16.252200,12.022500
-1.693900,-5.866700,11.962400
5.115700,-4.855500,-20.751700
3.912900,0.404300,-10.884600
5.344600,0.357000,-15.655800
5.241700,-5.685800,-20.291200
4.634000,-11.653100,-11.136600
4.699000,-9.014000,4.423200
2.616600,-12.002500,9.446000
2.186400,-15.133400,10.988200
2.023000,-12.441200,12.171900
-1.211400,-12.662500,12.111000
1.339800,-1.315500,12.050500
-0.013400,2.015400,-7.054500
-0.149100,1.240400,-16.646700
0.592800,-3.331700,-20.154700
-0.275300,-9.160700,-18.114100
0.150300,-14.841300,-0.417600
-2.876900,-12.898800,8.375500
-3.780000,-11.850100,8.857900
-1.318500,-12.367600,12.216000
-2.751300,-7.482500,12.154900
1.208800,-6.680100,12.094100
1.982000,0.385700,-6.889500
4.038200,-0.011800,-15.171900
-5.895400,-9.763200,12.144000
-1.016500,-1.764600,12.083300
-0.837400,4.371100,-8.049000
1.142300,4.532700,-15.825100
3.002500,-0.082100,-19.852000
1.626800,-5.207600,-11.600300
3.818200,-9.280400,4.662400
2.181000,-10.859200,9.140700
0.027800,-13.524000,-5.787200
2.272500,-12.450700,12.259400
-1.558900,-8.206200,12.198100
1.158400,-3.346700,12.137100
-1.330500,4.255300,-9.132100
-1.595500,3.311800,-17.143500
-0.172000,-2.328800,-20.556100
-1.400800,-9.282800,-15.491800
-1.822800,-11.838600,0.690300
5.035200,-4.709000,-19.361700
-4.067000,-13.786300,9.105200
-2.195000,-10.097500,12.435900
-3.061000,-8.695800,12.373700
1.498800,-4.529700,12.311800
2.573200,3.278400,-3.296100
0.670600,0.147400,-15.585700
5.254600,0.451700,-17.855100
1.224800,-6.602000,-17.467900
3.778000,-8.549300,-2.060000
2.074300,-8.914100,8.445300
0.724700,-9.184100,9.127500
2.896800,-12.560200,12.443700
-0.158500,-8.608300,12.381500
-0.670000,-7.409500,12.319600
0.317500,2.574400,7.020700
-1.216400,4.665800,-13.115400
-0.392900,2.240300,-17.603800
-0.674500,-2.884900,-21.188100
-0.442400,-11.692500,-13.027500
-0.842900,-13.278300,1.910200
-3.186000,-11.770200,8.670900
-3.701500,-13.026800,9.230500
-1.662100,-12.995000,12.448500
-2.904900,-6.588800,12.386300
0.205200,-2.962200,12.324300
4.860600,3.026900,3.222000
0.382400,-1.013200,-21.210800
5.511200,3.167000,-17.279900
5.273900,-0.814200,-19.988800
4.811500,-6.777300,-14.055200
4.234500,-10.117800,1.874300
2.528600,-9.602500,9.350000
1.307700,-12.085300,9.656000
-0.424200,-10.607000,1.946200
2.025400,-8.592700,12.495100
-0.730000,-5.904500,12.432700
0.608100,3.709600,12.370500
0.333400,9.248300,-6.564500
-0.685800,5.687100,-17.133800
0.020600,2.210400,-19.490800
2.989800,-10.550000,5.271200
-0.197000,-11.135900,-7.168400
-2.076200,-11.163600,5.924100
-4.846900,-10.049700,9.075900
-4.729700,-10.881200,11.704300
-0.237800,-7.180700,-16.745900
4.693900,5.125500,-16.976700
1.388900,-2.437700,12.569200
3.858000,6.222500,-1.617400
1.708300,5.264400,-15.002000
1.835500,2.009100,-17.112200
1.747700,-4.749800,-18.559000
1.615100,-7.888300,-6.910800
3.570600,-7.272200,6.728500
0.218900,-8.425000,9.769000
1.776300,-13.449200,11.824400
1.865100,-8.763600,12.660700
-4.149500,-8.786500,9.397600
-5.072400,-11.792900,11.273700
1.237000,5.052300,2.462000
-0.658900,5.942100,-14.427000
-0.319600,2.075700,-18.031900
0.268200,-0.830100,-20.772800
-0.488500,-5.017700,-15.044900
0.114400,-5.457300,-0.936000
-1.106300,-5.661200,8.067100
-3.912700,-5.673400,10.123800
-3.819300,-11.023600,11.310000
3.694500,-5.511300,7.409600
1.905400,-5.164400,9.755600
1.774400,-12.507000,11.151000
4.103300,3.443300,7.461100
4.945400,-7.721800,-5.296900
3.026200,-8.655400,7.340600
5.294000,1.125000,-19.274200
-2.091300,-9.373200,6.575800
5.156400,-4.283800,-3.604100
2.292400,-7.207800,8.202800
-0.094900,-9.237900,8.698000
2.252900,-11.655800,12.488200
0.890400,-7.467700,12.425800
-2.743400,-3.181400,12.363600
-1.583500,2.549100,7.905700
-3.796500,-1.550600,-13.488300
-9.544500,5.460900,-17.491100
-4.978500,-4.205800,-20.620700
-3.318900,-10.483200,-6.441000
-6.231100,-7.895200,6.352400
-11.128000,-12.707600,7.764800
-11.012800,-4.296200,12.481900
-13.481400,2.438300,12.419500
-10.237400,11.109900,3.950600
2.217500,18.039100,-13.477300
-1.723200,9.672600,-18.585900
-3.463700,-3.887700,-4.983400
-9.442200,-5.162200,8.315000
-8.313000,-7.817300,10.892400
-11.593400,-2.280600,12.426900
-10.069900,4.670300,12.364700
-9.540600,13.299700,-4.361100
-9.299800,11.865400,-15.713600
-9.136600,4.337600,-20.143800
-10.511200,-5.549900,-8.504300
-10.310900,-3.854000,5.981800
-10.859800,-3.949100,8.037100
-9.311400,-13.051700,12.476400
-8.833500,-2.925200,12.414000
-9.170600,-3.053600,8.096400
-9.966000,-12.017600,8.830400
-1.568300,11.815700,-15.692300
-2.926000,-3.056400,-18.831000
-5.647100,-7.750000,12.439900
0.305400,-4.353500,8.601200
-5.513100,-10.696900,8.925200
-3.879400,-0.903900,-17.230400
-9.472100,-7.719600,8.249400
0.910600,3.078400,12.335000
1.811600,-7.968100,8.742300
-1.919800,3.789200,-17.255200
5.639300,-3.371800,-3.411600
-3.415900,-5.094500,-14.544800
0.695300,-7.263800,1.294100
-3.995700,-9.446100,9.525900
-3.422800,-12.125100,9.254200
-0.986900,-12.591100,12.305300
-2.052000,-5.362400,12.243800
3.313000,-3.093100,12.182600
3.265400,10.226900,-4.523300
5.138900,6.386700,-15.422200
6.054500,-2.386200,-18.726600
5.395100,0.602100,-16.810000
5.296600,-5.654000,-0.497400
2.119700,-9.531500,9.418600
0.066900,-7.131800,9.655100
0.154700,-5.356500,12.306200
-3.365800,-3.552000,12.244700
3.087600,-8.343200,8.161500
-3.469300,5.119800,-6.203800
-4.164500,-0.508300,-16.388900
-3.407300,7.799100,-20.560700
-5.108400,-3.561700,-13.559000
-7.720900,-6.427400,3.059000
-7.629900,-8.435100,8.174400
-1.240900,-12.332100,-1.208000
-7.554500,-4.389700,12.376100
-2.493300,8.872400,12.314200
-0.543400,-8.353700,-13.898300
0.896300,12.561200,-14.960800
1.835500,-1.971500,-19.084900
-0.594900,-5.762600,-9.798100
4.033600,-4.935500,6.205400
-1.841700,-4.591500,8.574100
3.255300,-6.486900,12.467400
-5.194600,-8.937600,12.405100
0.593600,-2.387200,12.343100
-1.544600,-1.712700,4.451300
-2.921400,9.000500,-14.773600
1.520900,6.653400,-18.229000
-1.975500,-1.165200,-20.849800
0.710500,-7.805700,-12.497800
-1.094600,-8.352900,2.384900
5.535700,-8.425500,12.578900
5.841700,-3.955700,-10.365400
-0.821900,-8.783000,12.567900
3.450200,-3.289100,9.688800
-0.796900,1.290900,12.456600
0.675000,23.611200,-16.049100
5.695100,11.594600,-2.049500
4.920700,19.648500,-14.183300
6.793000,18.577900,-16.829000
5.834400,3.765000,-19.547300
4.520800,-5.192600,-11.802400
4.977200,-8.360000,3.817900
0.631900,-7.760500,9.777800
-1.864000,-6.218000,12.388400
-6.749400,2.356300,12.666700
-10.793100,6.836500,12.603300
-6.397200,14.020600,-0.265600
-8.948400,12.923400,-15.499000
-6.768500,9.591600,-19.544200
-2.271200,-12.482800,8.976100
-8.605900,-4.749400,4.598800
-6.287000,-2.402100,8.310100
-9.372600,-1.494100,12.607400
-11.337100,1.277700,12.544400
-6.511900,8.375200,12.481700
-5.264000,12.884900,-12.533000
-3.493300,12.563100,-15.599300
-1.505000,1.447700,-18.409500
0.730600,-8.809000,-1.905400
-1.310500,-3.236300,9.816700
-3.718000,-7.206900,10.287200
-10.071700,8.597700,12.561000
4.186400,0.828900,12.498200
3.984400,15.230300,-4.292700
-1.523700,14.084100,-14.921000
-10.280900,6.628600,-19.858000
-8.575700,-1.232800,-5.527200
-9.505100,-4.658200,7.619100
-12.598400,-7.299200,8.643900
-11.251000,-5.935300,12.577400
-11.904900,2.320600,12.514500
-6.109400,11.150100,-2.908600
-1.615400,14.216100,-13.865600
-3.821100,8.575900,-18.745800
-2.062400,-3.642000,-4.222800
-4.377900,-0.242200,9.348300
-5.309300,-5.931700,10.292900
-9.753300,1.614100,12.552400
-8.424900,6.527000,12.489700
-9.324000,23.051700,-7.311000
-9.494300,19.821800,-14.990700
-8.155200,2.729200,-18.094700
-6.982500,-5.134100,0.357100
-7.698200,-5.194300,8.588700
-8.565300,-9.555500,12.584500
-6.994900,-2.096400,12.521500
-5.847100,-6.809100,10.686500
-1.309100,10.084900,-5.528700
-0.618600,9.050300,-14.513700
-1.130300,8.459300,-18.816400
-4.429900,0.021600,-6.475900
-4.207600,26.053300,8.264600
-5.957100,-6.817100,8.981100
-7.192800,1.045300,12.545900
-10.345300,4.550300,12.483200
-6.959700,16.011500,2.398300
-9.474800,13.298100,-15.033700
-7.051500,7.150100,-19.181300
-4.692800,-4.336200,-12.229400
-5.739300,-2.503400,4.701300
-6.389800,-3.129500,7.604200
-5.790600,-5.053700,12.579500
-4.925200,-3.286400,12.516600
3.826100,4.844300,12.454000
5.560900,12.834300,-8.149500
6.305200,-13.293300,5.005100
7.374600,1.359800,-19.939400
6.127200,-1.647200,-7.984000
2.243100,-13.225300,7.285900
-0.463300,-8.648100,8.657900
-1.237900,-1.210300,12.467400
-2.327900,-3.839900,12.405000
-2.752300,8.216100,12.343000
-1.094300,14.299400,-8.350500
-6.152800,12.783800,-16.013100
-5.192600,4.748600,-20.818300
-5.409700,-9.235000,-7.943500
0.963400,-9.038700,5.970300
-2.396800,-10.273200,8.292500
-2.253700,-7.471800,12.475600
-5.726500,-5.292100,12.413200
0.340800,0.058100,12.351200
6.168000,7.280800,-4.582000
3.482500,10.564000,-14.491600
5.204700,6.910400,-19.206700
7.669000,-0.602200,-13.612900
7.392300,-7.450400,2.364300
5.653900,-9.994000,10.197500
4.048000,-8.104300,10.003500
3.524900,-8.242500,12.436000
-1.030000,-0.013200,12.373900
-0.939100,13.679900,7.098500
-5.650400,16.382900,-14.346300
-9.041800,11.804200,-18.776100
-9.039500,-6.273000,-12.612600
-10.221600,-4.027800,5.733200
-1.670200,-8.304300,7.084300
-4.688300,-1.354300,12.441100
-3.387500,5.899300,12.378900
1.741100,20.914000,-6.143900
3.977200,15.938500,-14.592000
4.202700,2.194400,-15.901200
-4.797600,-6.753000,1.808100
-7.635600,-4.827100,8.666900
-4.018100,-5.222400,12.374500
0.715600,-6.383000,12.385900
1.315000,-0.293400,12.324000
1.317900,-6.380600,12.262400
2.193100,8.612000,-10.530200
1.669700,4.975300,-17.290700
-1.019500,-7.884600,8.492200
2.105000,-4.895000,-19.095900
2.911800,-8.633300,-3.320000
0.876400,-9.619600,7.975500
-1.568200,-8.592100,8.193000
1.118200,-10.951300,12.328900
-0.038400,-3.044400,12.267300
3.257600,-2.106900,12.206000
6.608500,3.041500,1.326500
4.735800,10.289800,-14.846700
8.667900,6.878200,-17.486700
7.700000,-2.821800,-19.651300
6.734500,1.789200,-5.183300
6.429100,-2.349500,8.619000
3.861400,-7.540000,8.888100
5.870100,-13.057200,12.336600
1.608400,-6.862700,12.274900
-2.972700,-10.407700,12.213600
-3.289000,2.250600,-2.459700
-6.358600,18.968400,-15.099000
-8.714700,9.462900,-20.428300
-7.577300,-0.731400,-8.630200
-6.941200,-2.953500,6.364200
-3.992100,-4.292300,7.736000
-3.795800,-6.370300,12.315100
-1.458100,-2.732900,12.253500
-0.592900,7.677900,12.192200
1.116300,13.389800,-10.349800
4.387400,10.151100,-15.242900
0.319100,6.587700,-18.078700
3.034200,-1.097200,-1.826500
-1.048900,-1.206100,8.756200
3.036200,-4.033500,9.868200
4.407900,-3.348500,12.265600
0.544400,3.174000,12.204300
-0.030300,11.520200,8.064100
-1.817400,13.061600,-14.341100
0.591400,10.775300,-18.485000
-0.085900,-0.302500,-17.055700
0.295800,-3.429900,0.933400
-1.359500,-3.772600,9.071600
-0.363800,-6.992300,11.921700
-0.104600,-2.389100,12.242700
3.930400,6.054100,12.181500
6.048400,11.983800,-4.643500
6.087200,13.089200,-15.365400
7.674900,6.570500,-19.702000
7.045500,-3.711900,-11.749000
7.005500,-5.840400,4.647900
4.079900,-6.223500,8.823600
3.892700,-7.617400,12.280200
2.622100,-1.759900,12.249200
0.878900,4.768900,12.187900
1.012700,14.575100,-1.765600
0.633500,12.803100,-15.418700
1.059300,7.565500,-20.944200
-0.077900,-0.948800,-12.105600
-0.232500,-1.637500,4.888800
-3.300700,-6.555100,7.593000
0.068800,-8.319200,12.315700
-0.436800,-0.368200,12.254200
4.953500,8.369900,12.192900
5.526900,12.157600,-8.607100
7.196000,12.339800,-15.505900
6.516600,5.210000,-19.107800
7.170300,-2.734900,-5.395500
4.360600,-0.857700,8.131400
3.631000,-3.362700,8.603100
4.773400,-2.521400,12.291300
-2.187500,1.046700,12.229900
2.763500,8.922200,11.578300
-1.265800,11.360800,-13.370500
-0.001200,11.883000,-17.002100
-2.837000,3.432900,-17.882200
-3.528200,-2.494200,0.137200
-7.852500,-1.988400,8.145900
-9.119100,-9.187200,12.310700
-7.357700,-2.185200,12.249100
-0.912900,6.199800,12.187900
2.520800,10.374900,-8.485800
0.342000,20.627300,-15.242200
5.533000,2.772800,-19.698500
6.870800,-8.298400,-11.204600
6.724400,-10.075100,4.329300
4.424500,-11.161500,9.729100
3.797100,-9.025300,11.942000
0.549100,-3.723100,12.270100
0.708400,-1.257100,12.208800
2.999800,4.075200,12.147700
1.812300,6.459400,-10.258200
1.262300,2.783400,-16.922400
1.706400,-0.752700,-20.960400
5.379600,-10.150000,8.551100
1.251500,-11.066800,-0.099200
-1.416600,-11.724000,8.678100
6.530800,-8.984400,-10.820500
0.778800,-10.674400,12.296100
4.902400,-9.837000,10.121500
1.625000,-0.410500,12.184000
7.162200,6.242600,9.785900
6.375800,9.850300,-12.125000
7.499600,5.497300,-16.427800
6.489900,0.696600,-20.303900
6.679000,-5.238300,-14.552100
5.985500,-7.495100,2.659500
4.687800,-7.972300,9.957400
4.118700,-10.820700,10.524800
5.029900,-10.025500,12.275500
0.686600,-3.657900,12.214100
3.092500,2.094000,12.153100
1.418400,8.632100,-10.367300
1.704400,7.766800,-17.166700
1.119200,1.341400,-21.453800
1.013500,-3.662500,-10.963600
-0.199800,-6.058300,5.515200
-2.462700,-8.234700,9.143200
-0.503400,-11.837200,11.811800
0.743100,-7.691100,12.259700
0.703600,-4.271100,12.198400
6.605300,3.757300,9.721600
5.645300,5.652100,-12.410700
7.082600,5.728700,-16.025700
6.098700,-0.519700,-20.220700
5.701300,-5.888500,-8.523700
5.186600,-2.477500,7.523400
2.691800,-4.362000,8.882300
5.252100,-4.876400,12.292700
0.254800,0.805400,12.231200
0.415500,7.226000,12.170100
0.582700,14.768000,-7.350100
-0.750000,14.520200,-16.497600
-2.628800,6.569200,-21.140700
-2.825400,-3.624900,-10.008700
-1.889000,-3.323200,6.603500
-4.164900,-4.498100,7.654800
-3.102700,-4.139600,12.312900
-4.359800,2.048400,12.251400
4.934500,11.017500,10.768000
2.931900,14.208100,-12.908900
6.193900,12.955100,-16.738300
4.025300,-0.183100,-16.464000
2.337100,-5.165100,1.979700
-0.012400,-3.459300,9.526500
2.966500,-4.190200,12.166900
1.791100,0.225000,12.248400
-3.203200,-2.738200,8.186700
0.575700,14.609700,-4.398600
-0.494800,15.718700,-15.798600
-1.057100,9.020000,-21.050400
-0.115300,-4.043700,-6.975800
-4.978500,-2.762800,8.696600
-6.669400,-6.824000,8.109800
-6.471600,-6.518200,12.303400
-5.996000,3.272900,12.241800
-1.147500,8.992600,1.800700
5.247200,12.512600,-14.668000
5.788100,6.461500,-17.618800
5.327800,-1.663700,-18.095400
5.515600,-5.856600,-0.492000
4.630200,-5.820200,9.385800
3.529900,-6.148600,9.548600
3.023700,-8.786800,12.331300
6.232900,6.985200,2.464000
1.335500,0.301600,-21.833900
2.027100,4.172500,-3.029700
5.510500,-12.036400,12.381700
1.222000,6.180200,-18.799800
0.527200,-0.296800,-21.022100
6.086600,11.717600,-15.619500
6.876000,4.717200,-18.460700
-3.043300,-9.881100,9.370300
6.637500,9.842700,6.094400
5.591600,-8.808500,8.270600
-0.853900,-7.406100,12.570600
6.337600,7.339000,-20.106000
6.458400,5.584200,-0.469300
5.816100,-7.955600,0.107400
0.696800,-7.851500,12.610100
1.527400,8.547400,-5.330000
5.759200,-5.743600,-12.168900
5.056000,-3.899000,2.137800
0.166900,-9.410500,12.623800
1.109800,1.922600,12.560700
6.392200,5.535200,-20.640100
5.528600,3.501000,-15.179800
6.609000,20.779600,1.677500
-2.439100,-8.459400,11.685000
0.437500,5.762100,-20.015500
6.657500,11.979200,-18.859700
5.089500,-10.886400,12.804600
1.286900,20.712400,-19.289400
-1.295600,0.231400,12.837000
0.512500,-2.588900,-12.710900
3.221800,-10.194600,10.163200
-0.478500,-1.552700,12.785600
5.107400,-4.750100,-11.132100
0.037000,-13.231500,12.777300
-0.766300,-8.663700,12.713400
1.725400,-1.409300,12.649800
5.379500,7.627100,-1.954200
4.442300,12.061900,-14.109800
3.207100,8.419900,-18.381200
0.131300,-2.024200,-8.316200
-0.429400,-4.077800,8.049200
-6.053600,8.191400,12.760100
-2.985000,-3.712300,12.696300
-4.785900,0.207300,12.632900
-2.710200,18.393700,2.752100
-4.469600,17.806000,-14.543500
-5.131200,13.518100,-19.396500
-5.432000,-4.160200,-8.949900
-6.367600,-5.683600,7.142200
-6.197600,-6.932500,7.699900
-3.507100,-3.671200,12.696200
-5.994200,3.527200,12.632700
0.591600,13.077500,3.607500
-0.533800,11.966000,-13.487400
2.166500,9.420600,-18.102700
3.425800,-0.218200,-13.315200
2.646100,-2.862300,4.717200
-2.907700,-3.965700,9.311900
1.117500,-6.276400,12.705900
-0.401300,-2.108100,12.642300
-2.427300,4.606000,12.579100
-2.355600,12.601900,-2.341400
-3.635400,11.378300,-15.703400
-3.846000,7.217800,-19.518800
-2.396900,-4.021000,-15.787000
-0.137800,-8.128300,1.252000
-2.715500,-7.966100,9.243300
-2.725800,-10.621500,9.471100
5.066100,-7.787400,7.929600
-2.465800,-2.827500,12.643500
5.272400,5.007800,11.985100
3.816200,7.828100,-11.440500
6.142000,8.060700,-15.529800
4.610000,2.451200,-18.912400
2.887800,-2.582100,-5.520400
2.113200,-4.084800,8.467100
0.858700,-6.964600,8.925200
2.417700,-6.643800,12.690400
-1.481200,-1.432200,12.627000
0.640000,3.133700,12.563800
1.027600,8.761100,-5.557100
-2.304300,8.000000,-16.226800
-0.167100,0.629700,-19.913300
0.675000,-6.315200,-16.610900
0.142600,-10.525500,-0.880800
-2.110100,-10.956600,8.443700
-2.788300,-13.382600,8.258500
-0.524700,-13.396700,12.713400
-1.053500,-8.258600,12.649900
1.127500,5.263600,12.586600
5.585300,15.298500,10.856200
-2.413900,-10.653100,9.843900
5.581300,17.424800,-16.187700
6.761600,14.428000,-18.446900
5.681700,5.493300,-19.226800
5.272000,-6.075300,-8.297400
5.410000,-8.346900,5.203600
3.424100,-7.616500,10.401200
3.523800,-11.145800,11.493000
4.478400,-9.169400,12.595500
0.459700,-2.265100,12.532500
1.065100,9.025200,12.469900
1.986700,15.817000,5.606900
0.087000,18.738200,-13.542700
0.579900,12.141100,-18.236300
-0.080700,7.335800,-20.857000
0.484500,-0.965300,-17.278300
0.703700,-4.990200,-2.996100
-1.225400,-5.425200,7.749800
-4.067000,-7.073300,9.078900
-2.035300,-13.782000,12.579500
-0.318900,-9.778600,12.597000
-1.275300,-3.977100,12.534000
4.672000,4.004600,12.471300
4.703500,8.302600,-9.271400
5.657000,11.988200,-16.345500
5.674000,10.353000,-19.380800
5.288200,-4.545100,-15.695100
5.276000,-7.934900,0.221100
3.355100,-8.174000,10.166800
1.331800,-9.663100,9.760900
1.086900,-6.805100,12.611700
-1.597100,-2.784300,12.548600
1.289600,4.555100,12.485900
0.051100,10.363700,-7.345700
-0.299500,5.402800,-16.919800
-0.290800,2.640000,-20.207200
-1.485700,-9.538600,-15.225700
-0.220000,-11.530800,0.383200
-2.189700,-9.094900,9.834800
-2.905500,-13.114900,8.975400
-0.045700,-10.494700,12.626000
-1.863700,-4.201000,12.562900
3.314500,0.853000,12.500000
1.574900,8.238500,-5.122500
4.736500,14.510000,-15.856300
5.563600,14.604300,-18.141000
5.109200,7.267700,-19.287100
4.588000,-2.763100,-9.677600
4.624600,-3.428400,4.528500
3.743600,-6.404400,10.244200
3.279200,-7.642500,9.318400
4.890500,-9.834900,12.657500
0.049900,-5.427100,12.594200
0.230700,6.689200,12.531300
1.697500,17.272200,7.047800
-0.358000,22.674000,-12.490300
-0.005900,18.971800,-18.287800
0.079900,14.725700,-20.672300
-0.156400,4.302500,-19.441800
0.178000,-3.063600,-6.969400
-0.411500,-4.938000,5.271400
-2.856800,-3.933900,10.368600
-2.937800,-10.164900,9.647100
-0.323200,-8.715300,12.696200
0.498100,-3.969900,12.632800
-1.179600,-2.506000,12.569600
2.062400,10.224900,12.506700
5.378900,16.283900,5.893800
4.041300,23.530300,-12.060900
5.474700,17.257300,-16.873900
5.333000,15.224000,-19.987600
4.722500,-0.389600,-18.326800
4.560600,-2.251100,-7.428000
4.504500,-3.336100,5.599100
3.111700,-4.351300,10.694600
2.498000,-9.531700,10.884200
3.851000,-9.693700,12.652200
3.355100,-7.583900,12.589000
-0.169500,-1.085600,12.526000
-1.133800,6.950700,12.463400
0.630600,15.888100,12.401100
1.342300,23.472500,-2.163500
-0.470700,24.253600,-15.235600
-0.194300,22.776400,-18.114400
0.466800,17.627100,-21.577000
-0.777100,2.513900,-20.086900
0.182300,-7.416900,-7.594700
-0.700300,-6.662500,5.469000
4.310000,-11.929100,12.735600
-3.118100,-8.945500,9.789000
-0.140400,-10.571300,12.623000
-1.671900,-3.860200,12.559900
-0.550700,4.604600,12.497100
4.170500,15.662800,12.434600
0.351100,20.271900,-19.831500
4.114500,24.440400,-15.295100
5.054300,22.650600,-18.118800
5.048100,14.337300,-20.368300
-0.408100,23.881200,-13.186500
4.727000,-2.811500,-5.768800
0.228000,15.649700,-20.722200
-0.395100,-0.049400,-19.465200
1.663400,-11.883400,11.699900
2.865700,-14.056900,12.977700
-1.183100,-9.442100,12.912800
0.185900,-3.218100,12.848200
0.563900,3.696900,-3.739400
-4.031100,4.598300,-15.974400
-1.613600,0.130900,-19.597700
-1.362400,-7.216600,-17.076200
-1.010100,-8.291100,0.193300
-2.847100,-10.198900,9.576800
-3.874300,-13.798800,9.293000
-0.633000,-13.501000,12.970600
-2.781700,-11.138600,12.905800
2.408100,-1.622200,12.841200
4.302500,4.810600,-2.864700
4.257200,5.449000,-15.001500
4.907900,0.388800,-18.258000
4.301900,-7.446300,-17.139600
4.609300,-10.854900,-1.759500
3.020600,-11.027000,9.942900
1.985500,-13.126200,10.017100
3.476900,-14.287800,12.952300
-0.915700,-8.020400,12.887600
3.409300,5.581600,-11.516700
-3.821200,4.140500,0.763500
-2.315100,3.836200,-15.235300
-1.791200,1.205200,-18.662200
-5.020800,-3.533500,-16.962700
-7.188100,-4.302300,-0.411000
-9.775900,-3.051100,9.683200
-8.902500,-7.258600,10.735800
-6.498700,-5.823500,13.031200
-2.770100,-0.618400,12.966000
0.973200,5.826100,8.378800
3.837500,11.101600,-12.295500
3.551400,5.715200,-16.359100
-1.411200,8.541600,-3.525600
-0.562900,-10.887200,13.020200
4.411000,-8.921600,7.758300
1.557800,-11.708000,9.339900
3.075200,-12.743300,12.869600
-0.927000,-8.094600,12.805200
-2.466600,-0.106700,12.741200
-0.788500,10.653300,1.294300
0.995600,-10.828300,12.671000
-0.389200,5.606900,-19.160100
-1.531100,-4.754000,-19.979400
-0.050700,-10.623500,-5.612200
-1.363500,-10.763400,7.498800
-4.611900,-11.967900,8.319200
-1.378900,-12.060500,12.752400
-2.661300,-6.047400,12.688600
-3.403400,3.853400,12.625200
-0.572000,12.408300,-3.368000
1.134700,12.553600,-15.404600
0.385600,6.073300,-18.663900
3.188500,-3.422500,-13.811600
3.944600,-5.705000,3.267600
1.067700,-6.982400,9.971500
2.134700,-9.842900,11.580200
3.294100,-8.304300,12.694200
-2.151000,-4.275900,12.630700
-0.367200,4.574600,12.561000
-0.479800,8.300300,-11.387100
0.316200,5.148900,-17.592800
-0.850700,0.226000,-20.843500
-1.389800,-9.200100,-10.191900
2.318000,-10.164500,9.957700
-4.454300,-8.817300,8.868900
-2.118100,-9.857500,12.710700
-1.907300,-5.749900,12.647100
0.118300,-0.576100,12.583900
5.014900,6.216100,3.013200
3.338300,9.323400,-14.197900
5.607000,8.590500,-17.877800
4.525700,-1.563700,-17.817000
3.962100,-8.202200,-2.893500
3.851700,-8.568700,9.384100
1.856900,-9.862700,9.070300
2.645900,-9.646600,12.677600
-0.744100,-5.766400,12.614200
0.024600,0.513100,12.551100
0.880000,9.906900,-2.209700
-0.523200,7.591100,-16.272900
-0.601600,3.928500,-19.525400
-0.660600,-5.065700,-19.089400
-0.695400,-10.716700,-4.748100
-1.947800,-10.019700,7.977300
-4.194800,-10.691700,9.033600
-1.728800,-12.942600,12.712500
-1.205500,-6.041000,12.649000
-0.720400,-2.066800,12.585700
4.788000,6.420000,8.896400
3.889500,12.300200,-11.527900
5.199800,13.301600,-17.277700
4.816300,15.215400,-19.836500
4.584900,6.546000,-18.686400
4.168800,-2.449300,-8.743900
4.071700,-5.454000,3.994300
2.712100,-5.460100,10.377600
2.674700,-9.741400,9.460700
4.117300,-11.682500,12.739500
-1.334200,-7.441800,12.675800
-2.528600,-2.042800,12.612400
-0.495100,5.960200,-0.158800
-1.755700,7.589000,-15.790800
-1.217900,2.603800,-18.909900
-0.968700,-4.279500,-19.637500
-0.432400,-10.346800,-8.353300
-1.197600,-9.315600,5.028800
3.567300,-10.269900,12.838500
-2.996700,-11.803300,10.773100
-2.052400,-7.721700,12.720400
-2.042100,-5.357300,12.656800
3.982900,2.817200,12.593500
3.717500,6.301400,-9.585900
5.074000,5.845700,-15.791100
4.917500,1.972600,-19.403400
4.838100,-5.155400,-14.094700
4.029900,-8.863900,1.193900
2.048500,-8.297600,10.024300
2.307600,-11.139600,9.978900
3.814000,-11.446200,12.719000
-0.177600,-6.308300,12.655400
-0.998800,-0.085600,12.592100
1.162800,6.470600,3.407400
-1.469100,6.528800,-14.499100
0.077700,4.048800,-18.077500
-2.675100,-2.930000,-19.538400
0.045400,6.712200,8.841200
-2.826400,-7.941400,6.933500
-4.602000,-11.497700,8.576500
-2.114900,-13.086900,12.650900
3.829500,6.605300,-14.566500
-1.663500,-0.369500,12.660500
3.847200,11.552300,12.597200
4.309400,11.616100,-8.436000
4.540400,11.581800,-15.762200
4.944300,5.642600,-19.191200
4.412000,-1.001000,-17.491500
4.537700,-5.807300,-4.297300
3.900200,-6.355000,8.128000
1.197400,-8.279700,9.552900
3.221700,-11.479200,12.771700
2.278600,-12.329800,12.707800
-1.531400,-4.396900,12.644300
0.158700,2.433400,12.581100
-0.528400,8.443200,-7.701400
-0.926100,8.408100,-16.916200
-0.990600,1.755500,-20.189400
-1.076200,-4.010700,-18.274900
-2.410100,-7.615200,-3.456300
-3.277300,-8.673400,8.245000
-4.850500,-12.302300,8.322900
-0.789300,-11.139800,12.768000
-2.582200,-3.558400,12.704200
0.554900,-1.064700,12.640600
4.579500,4.667100,1.518300
3.660500,5.933000,-14.396100
4.771800,3.796700,-17.443500
2.853400,-2.656500,-18.245200
2.248200,-8.834300,-4.677800
2.032000,-8.377900,8.693000
-1.750500,-9.041400,9.245300
-0.898200,-10.423600,12.754000
0.521800,-7.645300,12.690200
-1.506400,-1.518400,12.626800
-0.133400,5.502500,6.296800
-1.271800,6.816600,-13.609300
-1.796800,4.790300,-17.387500
-4.240000,-0.111700,-19.435700
-1.430700,-6.462000,-5.919600
-2.989200,-4.680500,7.700500
-4.964100,-7.519100,8.059900
-1.741200,-8.022500,12.735100
-4.144100,-2.739700,12.671400
-1.046900,-0.674200,12.608100
3.793500,9.006700,-3.113400
3.803200,8.811600,-14.679400
0.691000,4.878400,-18.604800
2.951400,-3.210200,-14.372400
0.022200,-4.547800,2.292600
-1.481600,-3.938800,10.164300
-2.465600,-5.539600,11.059500
-2.994200,-2.518800,12.681300
-4.187400,-4.090900,4.797300
-4.407200,15.859000,5.014000
-3.737000,11.683200,-14.316100
0.123200,9.813700,-18.155100
-1.457400,-1.538200,-20.044600
-0.342000,-7.545300,-6.380100
-1.808200,-6.084900,7.654600
-4.179800,-8.668700,8.583800
-3.618000,-11.096500,12.782100
-4.920100,-7.202000,12.718200
-0.803800,3.595900,12.654600
4.011600,10.774700,1.146200
3.557800,8.933500,-14.344600
3.945100,7.740200,-18.014200
2.490800,-2.390700,-17.347500
1.951700,-8.291000,-2.514500
-4.118100,-5.435200,10.023400
-7.667400,-5.620100,8.877100
-7.774400,-3.637900,12.752200
-11.460200,3.164800,12.688400
-9.069900,14.632900,4.127700
-9.780000,18.651400,-14.409200
-12.319100,12.445600,-19.355900
-13.337000,-1.800500,-11.352200
-11.049300,-5.420900,6.043600
-12.674100,-5.636800,7.417000
-13.149300,-5.020000,12.762600
-13.395700,-0.202600,12.698800
-13.717200,13.696300,6.880900
-11.766000,15.234000,-13.021000
-8.771300,12.422100,-17.774400
-7.269000,-4.626400,-10.779400
-5.905300,-5.644600,6.532500
-9.452700,-6.460000,8.194100
-11.366700,-4.640400,12.735200
-11.212200,1.440500,12.671500
-10.517400,14.325600,7.668700
-10.912900,21.160000,-13.693100
-9.550000,13.285500,-19.065200
-10.109900,-3.109600,-8.758500
-10.471600,-5.305500,7.802200
-13.474400,-9.282500,7.400900
-12.913700,-7.327300,12.701400
-11.717200,1.197800,12.637900
-7.366700,10.364100,-0.483800
-9.267300,12.459400,-13.747800
-8.079500,6.372800,-18.690600
-8.253600,-3.312800,-6.357800
-9.294200,-7.499900,8.313000
-8.134900,-6.220800,8.452500
-7.677100,-6.540000,12.687200
-12.030700,-1.193200,12.623800
-8.834500,11.655000,4.840200
-9.145400,11.601500,-14.491400
-7.762800,10.480700,-19.084900
-0.400800,-1.241500,-16.115600
-1.873900,-4.145000,1.061000
-2.953600,-6.104600,9.112700
-0.803700,-7.153600,10.060900
0.125000,-2.072900,12.683800
0.729700,0.885300,12.620400
6.192700,7.848900,8.130200
5.625600,-5.616400,-4.943400
6.207500,7.056100,-16.557400
3.231000,-0.614500,-18.681400
3.846400,-3.928600,-2.733500
0.412200,-1.494900,9.967400
-2.154000,-4.261300,8.692700
-1.347300,-2.755400,12.637900
-6.568900,2.167500,12.574700
0.174600,9.167600,10.489200
-0.779500,11.716900,-13.174400
0.127500,8.117100,-16.933400
-0.318700,0.360200,-20.344600
0.552700,-6.790700,-7.245800
-1.194500,-8.556000,7.081600
-3.054400,-8.691900,7.751600
-3.978100,-7.614200,12.673700
-6.643900,-2.676600,12.610300
0.069000,4.988700,12.547300
2.830600,12.487000,-7.499100
2.895100,12.786800,-14.441500
3.471600,6.534100,-19.328400
2.546300,-2.592200,-9.694800
5.445700,-5.043300,5.686100
3.712200,-7.689500,9.556400
3.746100,-11.878600,12.661400
3.503300,-9.243100,12.599800
-0.534400,-2.736500,12.536800
2.096800,4.428700,9.086100
-1.497800,5.772100,-13.545900
-0.415600,6.386600,-17.562700
-0.227600,-1.204300,-19.903200
-4.506400,-5.900100,-6.034400
-1.843500,-3.072900,7.986600
-2.918500,-6.810800,8.049100
1.068600,-10.205900,12.633800
-0.566800,-5.884500,12.570600
1.985900,-1.303500,12.507800
6.139200,19.137700,7.105400
5.253000,24.139300,-11.603700
6.423000,14.412600,-15.966200
6.705400,16.687800,-20.278300
5.671000,2.408600,-17.527000
6.112100,-7.192900,-2.952800
5.638300,-7.631100,9.086800
2.526500,-8.970400,9.034200
5.285300,-10.646100,12.660700
2.747200,-5.938700,12.597400
4.916300,9.635500,-8.266600
1.140800,6.186800,7.555300
-4.384000,5.157300,-13.341300
1.178500,5.591500,-17.585500
-1.143700,-1.437900,-21.253200
0.851800,-8.708500,-11.004700
-0.201000,-7.595000,4.656800
-3.958000,-8.024100,8.970700
-1.531400,-12.533200,11.976100
-1.719100,-8.450300,12.725900
-1.083800,-6.916300,8.802300
-3.740200,-8.733300,9.177700
4.063900,1.709900,-12.551500
5.930900,4.699300,-17.028400
1.847700,-9.293600,-2.037300
6.163700,-1.819200,-13.587300
5.911300,-4.128800,1.141100
-0.338000,-10.058600,12.792700
3.757700,-7.270200,9.319200
5.490500,-6.671500,12.682100
-0.752000,-1.414500,12.618700
0.929500,3.268100,12.555600
2.357000,14.051700,9.157200
-0.128400,23.337300,-11.370900
-0.754500,13.321500,-17.936500
0.762600,5.724400,-21.528600
0.570500,-6.159800,-14.862800
0.260200,-8.385800,0.694100
-2.367200,-8.019800,9.531700
-2.774800,-11.642400,8.628600
1.299800,-13.025900,12.681300
-1.177900,-8.471100,12.617900
2.092700,-7.213400,12.554800
5.311300,8.622200,3.325000
5.365800,4.256300,-13.260900
6.320800,14.958700,-17.179000
6.120000,8.139900,-20.174400
5.927300,-0.915900,-14.623500
6.262300,-5.334200,-0.795500
4.979900,-4.056500,9.286400
2.946100,-3.924200,10.038300
4.771000,-5.498800,12.708900
1.096400,-5.135300,12.645400
0.023300,0.509600,12.582200
0.402100,6.669600,12.519200
1.706000,11.581100,-4.388500
0.274800,10.198200,-16.751200
-0.103100,4.954500,-20.184900
0.264400,-3.594400,-20.727400
0.815900,-7.737200,-8.332000
-0.084200,-8.420600,6.389200
-2.817100,-9.732100,8.935800
-2.052400,-9.955100,12.203500
0.069300,-12.910300,12.670900
-0.872400,-7.293300,12.607600
4.853700,0.523800,12.544500
5.630100,14.674100,-4.556400
5.137300,16.752600,-15.145300
4.854200,10.396700,-18.327200
5.208800,5.614400,-20.192000
5.039800,0.906000,-10.628000
4.690500,-2.682600,3.606700
4.054600,-3.224500,10.368400
3.495800,-5.653300,10.214100
4.753200,-7.238400,12.705100
2.825400,-3.992200,12.641600
-0.708500,1.086900,12.578400
2.476400,16.797700,12.515500
-1.179600,14.666600,-8.719800
0.656400,6.521900,-16.933500
0.057400,2.037800,-21.581600
0.343100,-8.753300,-16.407300
0.784600,-10.575400,-2.298700
4.876600,6.472700,-6.739300
-3.459300,-10.376200,8.453500
0.108700,-13.029100,12.774000
-1.071400,-8.929400,12.710200
0.804600,-0.653700,12.646600
5.295000,10.273400,9.016600
4.398700,17.633300,-10.753000
5.318100,9.030500,-16.585300
5.475000,4.579100,-19.962600
5.199700,-1.634900,-16.650400
4.558900,-2.918400,-2.993400
5.317800,-5.341600,7.642800
3.906600,-3.365600,10.845600
3.870400,-7.409500,10.636400
4.220400,-6.111800,12.727400
3.620300,-6.348100,12.663800
-0.449000,0.811300,12.600400
-1.521500,9.572100,12.537400
0.097000,17.276300,12.474800
0.577900,25.366100,0.188000
-1.240900,25.820100,-13.639400
-1.241800,22.364900,-18.866300
-0.017900,17.029400,-21.436200
0.082300,7.888700,-20.988300
0.131900,-3.031700,-12.237700
-0.469200,-6.910400,0.701500
-1.872900,-4.826500,9.303200
-3.362500,-8.317300,8.770500
-0.965000,-11.161600,12.508500
0.672200,-6.847300,12.690900
-1.266200,-1.282000,12.627400
1.647500,4.391300,12.564300
4.939800,15.481500,10.433600
4.919800,24.221300,-7.472400
5.207400,-3.617000,3.612800
4.721400,22.459700,-19.060900
5.010000,16.480300,-20.771900
-0.600900,-2.833200,4.225200
5.154800,-0.293000,-13.983300
5.343500,-1.471200,-2.896600
5.333400,-4.485500,6.907500
4.203400,-4.992100,11.643800
3.624800,-1.342600,12.638300
3.854500,-8.227600,12.330200
3.992500,-8.298500,12.513400
3.712800,-5.933500,12.450900
0.045800,-1.023400,12.388600
-1.031600,6.223800,12.326700
0.127000,15.417500,12.265000
0.614800,22.768300,2.800800
-0.710800,25.241900,-11.961900
-0.814500,24.441900,-17.931200
-0.338600,16.377000,-21.473300
-0.677700,5.223500,-21.163300
0.062100,-2.256800,-12.256900
-0.238500,-3.270300,1.192300
-1.488400,-3.342100,9.562700
-3.034700,-5.851400,8.826200
-1.039200,-9.437200,12.104000
0.064600,-6.168100,12.455200
-1.170200,-0.603900,12.392900
3.937800,5.933400,12.331000
3.779900,14.580400,-8.746200
4.659400,12.250800,-16.123200
5.119800,3.136400,-20.365500
4.431800,-4.559900,-14.477600
4.269000,-10.578100,1.601700
4.009300,-7.622700,10.475300
1.622900,-11.182900,9.579300
-0.703900,-7.750200,2.682500
1.787500,-4.382400,12.446200
-1.412300,2.945900,12.383900
0.675200,11.853300,12.322000
0.057000,22.222300,-5.087600
-1.144400,17.280700,-16.241000
0.207800,17.041800,-19.515100
0.261500,2.565400,-21.893500
-0.619100,-5.814300,-11.853900
-0.432500,-9.338400,2.989800
-1.695800,-9.315500,9.685500
-3.474600,-9.397600,9.317700
-0.816800,-8.166200,12.523400
-1.146300,-2.537200,12.460800
-1.226400,4.770000,12.398500
2.821400,14.144900,12.336500
4.539800,22.350500,1.008400
-1.640700,-9.706000,10.630800
3.186000,18.910500,-17.253900
4.790500,6.300200,-20.577800
4.459200,-5.127000,-12.875400
4.067500,-7.270000,2.252200
3.627700,-7.186000,10.298100
2.866100,-9.058800,8.912100
-0.789500,-5.372300,3.686800
0.529900,-2.631100,12.344400
-1.388800,0.546700,12.282700
1.048900,9.771100,6.454900
-1.565800,10.032100,-13.177900
-0.011400,21.589700,-18.492900
0.022100,10.848600,-22.060800
-0.685800,4.507900,-19.905900
-0.558500,-2.987800,-7.478900
-0.508000,-4.004800,4.936100
-1.963900,-4.013300,9.906200
-2.430700,-8.933300,9.496900
-0.383400,-9.868100,12.472900
-0.383900,2.737500,-18.530300
-1.139800,-0.700600,12.503200
-0.285700,5.317700,12.440600
3.402300,14.625500,12.378400
4.569700,19.518600,2.241600
3.929600,24.498700,-11.715100
4.029100,24.376200,-16.973100
5.109900,22.003000,-18.990100
4.412400,13.869200,-21.318700
3.522900,5.335300,-19.744200
2.883300,-0.999300,-12.141300
3.807800,-5.298100,-1.066100
4.420300,-3.817900,7.530100
3.487800,-4.823500,11.441100
2.698300,-7.003700,11.169500
3.232900,-8.741700,11.749900
-1.513600,-4.942300,4.263200
-2.197100,-3.859500,9.458400
-1.409300,0.232400,12.537000
4.131200,-6.708200,7.010600
2.594900,-4.072400,10.481000
2.898900,-8.046000,10.152200
-1.150100,-4.083300,0.640700
-0.398400,18.916800,-18.829600
-0.467900,12.969500,-22.243300
3.983500,-2.284900,9.095400
2.436100,-7.733000,9.812500
-0.736000,-3.962500,6.551100
-1.847600,-4.521800,10.250200
-2.260200,-8.323900,9.338600
-0.509200,-10.508100,12.313000
0.413200,-7.600700,12.251500
-1.595400,-1.290500,12.190200
2.756800,-8.140000,12.129300
4.103800,16.324500,12.068600
-2.977700,-6.486600,9.180200
3.874100,24.422300,-14.295800
4.119300,23.605000,-17.746500
4.673000,19.814700,-20.796200
4.561500,12.773800,-22.222100
3.811800,4.338300,-19.844700
2.591700,-3.187600,-10.616100
3.110200,-5.824000,1.395100
4.524500,-4.603400,9.828900
3.839400,-3.717700,10.806800
3.121900,-8.477100,10.805200
3.540000,-10.148100,12.325800
2.833600,0.428500,-15.678800
-2.597200,-0.738900,12.342600
-2.493700,7.514900,12.280900
-0.834500,16.397000,12.219500
-0.642100,23.766800,-3.600100
-2.152100,23.940500,-15.008800
-0.651900,22.861000,-19.363900
-0.467600,18.009200,-22.343500
-0.307900,9.385500,-22.520200
-1.979300,-0.014900,-17.686800
-1.178200,-3.556000,-8.228200
-2.075500,-4.691600,2.448500
-3.504500,-5.020800,9.023000
-3.551300,-6.256400,9.747600
-2.118000,-10.445500,11.021400
0.335200,-9.647300,12.540900
-0.276600,-5.447800,12.478200
2.289000,-7.284100,9.535300
2.210800,11.139800,12.368100
-3.934200,-6.962700,9.657000
3.937600,23.637100,-8.971900
-1.277100,-11.180600,12.302900
4.160200,22.988600,-19.068900
4.318100,19.928200,-20.684500
2.490200,14.693100,-21.827500
0.962100,10.466000,-21.799300
3.104500,5.018400,-20.629900
3.093700,1.957300,-17.502700
-2.574400,-6.869700,10.926400
3.808400,-4.564300,-4.405900
3.412800,-5.559100,3.151300
-2.843000,-11.412600,12.800600
3.031100,-4.835500,10.911700
0.461300,-8.145200,12.682000
2.322500,-8.802700,12.352300
2.551600,-9.647600,12.556800
3.339600,-10.497800,12.494000
3.697000,-9.687500,12.431600
1.981800,-7.556300,12.369400
-0.699500,-0.719700,12.307600
-1.894700,5.894500,12.246000
-0.996300,11.658200,12.184800
0.374100,20.572100,9.646100
-0.185400,23.623800,-6.166000
-1.097200,-5.326200,-0.177500
-1.480100,-4.463100,7.835200
-3.024100,-6.356800,10.460200
-0.199300,13.928500,-23.798300
-0.834600,4.000200,-21.615600
-0.761300,-2.809100,-14.215400
-0.524000,-4.391700,-3.263300
-1.126700,-4.217200,6.421000
-3.010800,-4.413000,10.127900
-3.999000,-7.572300,9.481500
-2.606400,-10.322600,11.538300
-0.400900,-10.435400,12.142500
-0.823100,-7.497300,12.081800
0.391600,22.702300,2.790100
-1.128400,3.147900,12.007400
1.853700,8.944500,11.947400
3.417200,17.809900,11.640400
4.203200,23.020800,-3.812200
3.117000,23.241700,-14.431100
3.997400,22.479700,-17.647500
4.406400,19.138200,-19.816000
1.355500,-7.509300,10.395200
2.711800,7.519900,-22.183000
2.757900,1.384100,-17.742100
3.416100,-4.175300,-7.885200
3.289400,-5.291100,2.315500
1.454700,-4.144600,8.833400
0.320200,-5.918300,10.038000
2.148800,-10.173500,10.957700
3.167500,-11.149700,12.134300
1.438300,-8.486900,12.073700
-1.173600,-2.710800,12.013300
-3.836700,3.150700,11.953200
-1.527400,10.124400,11.893500
-1.898700,19.441500,10.981500
-2.897200,23.142300,-2.606700
-4.219600,-2.135400,11.792100
-1.896500,23.037300,-16.984300
-1.112500,21.342700,-19.585100
0.532600,18.800500,-21.946400
-0.969000,13.766500,-23.207000
-2.722900,4.148800,-22.142500
-0.528800,-2.530200,-15.928800
-0.909800,-6.652100,-6.164500
-1.503400,-7.209800,2.307100
-2.613500,-6.535100,8.460500
-4.523600,-7.636800,9.855200
-2.930500,-11.096900,10.318300
-1.810100,-13.083700,12.208300
-0.044800,-9.827400,12.147200
-1.088300,-6.792300,12.086500
-2.050400,-2.230500,12.026100
0.404800,6.235700,11.965900
3.588900,14.159100,11.906100
4.226300,20.770300,-0.184800
3.375900,22.534800,-12.146800
3.471000,22.681300,-17.033300
4.375900,21.317400,-19.438400
4.442200,15.579600,-21.628900
4.229400,9.346300,-22.045000
3.500400,2.834400,-18.746300
3.380500,-3.978600,-10.383400
3.163400,-5.124000,0.540000
3.679000,-4.733800,8.551400
2.261800,-6.673700,9.812200
2.798500,-10.262600,10.678200
3.783000,-11.843700,12.306700
1.164200,-8.090700,12.245200
-2.690200,1.517600,12.183900
-0.701200,9.097700,12.123000
0.341300,20.679100,1.568100
-1.578800,18.869400,-13.117000
-2.092800,-6.494700,5.145600
0.041000,15.552300,-21.427300
-0.261800,8.446900,-22.771400
-0.608500,-3.105400,-16.399700
-0.605400,-3.089900,-16.317700
-1.090900,-6.548900,-5.524300
-3.590000,-6.165900,8.687200
-4.227400,-7.612500,9.425400
-2.435700,-11.523200,10.932000
-0.288300,-10.664800,12.361400
-0.989900,-4.949400,-10.391200
2.563400,-10.369900,10.548200
3.527700,14.291600,12.298800
4.091500,19.806000,-1.119100
4.118700,-7.743300,-1.101600
3.354600,-4.875900,7.654500
4.686600,14.153300,-21.268700
3.893500,2.934600,-18.922300
3.969300,-4.343600,-9.336000
3.773100,-5.048700,2.549700
2.336400,-6.603400,9.493000
1.857600,-11.529500,9.583800
3.456900,-11.016700,12.349600
1.750000,-8.728700,12.287900
-2.176500,-4.488500,12.226400
-0.430700,5.580800,12.165300
-0.111600,15.304400,-0.139000
-1.884100,20.794600,-15.075200
-0.504400,16.537000,-20.397400
-0.804500,4.763100,-22.058900
-0.798100,-3.019900,-16.536700
4.868000,19.662700,-18.458200
-2.238800,-5.302700,6.579800
-4.381800,-8.612400,9.046700
-3.320900,-12.494200,11.172500
-1.345400,-8.535500,12.433800
-2.940100,-2.935500,12.371700
-1.800600,-5.568400,4.861000
4.008700,16.037900,8.244400
3.180800,21.643600,-9.645800
4.106200,16.083000,-16.994500
4.671900,13.448000,-20.608000
3.621500,2.881000,-19.222900
-4.020000,-8.224000,9.224300
4.021400,-6.548200,3.544600
2.021000,-6.146000,9.248600
1.801200,-9.589800,9.979200
-1.234300,-6.305700,-1.609400
1.860300,-9.955900,12.424700
-1.478100,-2.928600,12.362600
-3.379500,-11.683600,11.457700
0.276300,18.019900,9.858600
-0.654500,22.309300,-8.187400
3.159300,-12.282000,12.235100
0.264800,16.723900,-20.878300
-0.356200,6.629100,-22.194200
-0.845300,-3.026800,-14.402700
-0.609900,-7.174800,-0.766400
-2.320300,-6.111800,8.050000
-4.734600,-9.195900,8.793700
-2.068100,-14.409300,12.380900
-2.119800,-8.243800,12.319000
-1.935200,1.932500,12.257400
-3.562700,-10.106800,8.474400
2.708300,17.408300,-9.619500
4.217500,14.673700,-16.637100
4.427500,7.870600,-20.407300
2.363100,-13.871100,12.328100
3.933700,-8.094400,-1.331200
1.492800,-8.861700,8.574600
1.139800,-12.454000,9.535000
3.095400,-14.658000,12.241500
0.866000,-9.651800,12.180300
-2.367300,-0.738600,12.119400
-0.482400,8.025200,12.058800
0.342200,20.948800,0.448500
-1.432500,21.532800,-14.454900
-0.395900,15.751100,-19.413200
-0.298600,6.836000,-22.559500
-0.614100,-0.947800,-17.213500
-0.663400,-7.625200,-3.570300
-1.553700,-6.345500,7.025900
-3.397600,-5.382000,8.751800
-3.318600,-10.554900,9.918600
-0.928500,-11.226500,12.253900
-0.923900,-11.170400,12.192600
-1.009800,3.762800,12.131600
3.501600,15.027700,12.071000
3.920100,20.228600,-4.946500
3.321500,21.955300,-15.235600
4.329600,18.852400,-18.862700
3.926600,11.208600,-21.728100
3.509000,1.579900,-19.079100
3.024400,-5.203000,-8.767600
3.276200,-6.027700,3.012700
2.645000,-5.663900,9.763100
1.649900,-7.103600,9.819100
0.450200,19.209800,3.945900
3.193200,-13.357600,12.321000
0.875200,-8.636800,12.259400
-3.316200,-0.805800,12.198100
-1.390800,8.346700,12.137100
0.429700,15.983200,2.485300
-2.277200,19.275300,-13.719900
-0.976600,17.684700,-18.453200
-1.176700,10.897600,-21.997400
-1.216100,7.444800,12.334900
-0.771500,-7.124200,-7.164700
-1.577900,-6.473700,3.928500
-1.570000,-6.441400,3.908800
-4.266900,-9.237800,9.882600
-2.606000,-13.123700,12.220400
-0.419700,-12.352700,12.159300
-1.637700,-6.843300,12.098500
-1.894000,-0.272400,12.038000
1.461200,8.589200,11.977800
3.555800,16.670000,8.024700
3.254400,21.926500,-8.191600
3.376400,21.738800,-16.260100
3.719300,20.777000,-18.826400
3.724500,13.085500,-21.339300
3.560600,3.995500,-20.467600
3.447400,-2.415800,-13.800000
3.482600,-7.284200,-3.240900
3.417600,-5.820400,5.506800
2.104100,-6.444200,10.028500
-1.190300,-8.087300,10.800500
2.068500,-8.609300,10.860900
2.456200,-11.306700,12.202500
2.753700,-11.962700,12.141500
-3.248700,-6.190700,8.659300
-0.341800,-8.013800,12.037500
-2.615900,-0.388500,11.977300
-2.500400,5.883200,11.917400
-1.365400,14.969000,11.857800
-0.519800,20.379900,2.188300
-0.996200,21.695300,-9.430500
-1.961100,21.586800,-15.452900
-1.441300,21.478900,-19.248100
-3.192800,19.415600,-21.606400
-0.426800,15.033800,-23.774200
-0.782100,10.342700,-23.910300
-3.235100,3.678000,-22.911400
-1.148100,-0.634600,-19.291400
-0.825400,-4.985200,-15.811000
-5.313300,-5.782500,-11.883300
-2.577200,-6.766300,-8.056300
-1.675500,-8.474500,-3.080800
-2.277100,-8.565600,0.931000
-1.984600,-8.172500,5.032300
-2.024700,-7.936200,8.493600
-3.506300,-8.723400,9.530600
-2.924000,-7.176100,10.498200
-1.951400,-7.330900,10.662500
-3.292900,-8.850300,10.675900
-3.581400,-10.521900,11.783100
-3.489600,-12.249400,12.421800
-2.895500,-13.003200,12.359700
-1.868200,-12.962000,12.297900
-1.553800,-13.481000,12.236400
-2.323000,-12.605800,12.175200
-1.031600,-11.911200,12.114400
2.000000,-6.273000,10.629300
-3.033500,-7.552300,12.000600
-1.245300,-7.347700,11.940600
-5.838400,-4.849300,11.880900
-2.389500,-2.044000,11.821500
-2.870900,-0.508600,11.762400
-1.991500,-7.395500,3.999800
-1.709800,2.800400,11.683600
-0.371500,4.113800,11.625200
0.705100,5.270400,11.567100
0.815900,5.975700,11.509200
0.509200,7.659200,11.451700
-2.364900,9.434400,11.394400
-4.388200,9.210900,11.337500
-0.796500,10.692400,11.280800
-5.298800,-6.726300,9.096900
0.206300,13.601300,11.178900
2.261800,13.097200,11.123000
1.511800,13.644100,11.067400
-1.050400,16.240200,11.012000
2.112400,16.220900,8.024000
2.299600,20.129000,3.496700
2.788600,21.452900,-1.113000
-0.678400,-11.380200,10.865000
1.946300,21.402500,-11.256300
3.673800,21.295500,-14.579200
2.716500,21.189000,-16.774900
0.574900,21.083100,-18.850100
3.152900,20.977600,-20.147500
2.014700,20.606400,-20.733100
3.029300,20.769700,-21.546900
3.416900,20.166000,-21.939600
2.310800,20.565000,-22.475700
2.528000,-7.101900,11.318600
3.111100,18.165300,-23.375600
3.858100,14.342600,-23.632800
3.209700,13.041300,-23.683900
4.030100,9.423000,-23.486800
2.842300,5.729800,-22.370900
2.608800,4.676400,-22.049300
3.022300,1.242900,-20.890500
3.150200,-13.566800,12.433000
2.114500,-5.546700,-14.959700
2.978500,-8.297600,-10.438200
3.097100,-8.113200,-5.388700
3.238900,-8.451500,-0.672000
2.953400,-10.451500,3.656600
2.871900,-9.648600,5.728300
2.521500,-9.109400,6.996000
2.794900,-8.461000,8.712600
2.685600,-7.527400,9.836700
2.288500,-7.956900,10.929000
2.505800,-7.180700,11.439100
1.868900,-10.588300,11.806100
0.644200,-10.888100,12.102200
2.547500,-11.791600,12.122100
3.356900,-12.059100,12.061500
2.687100,-12.761400,12.001200
3.100300,-13.136100,11.941200
2.572400,-11.886000,11.881400
1.799400,-11.195100,11.822000
1.011100,-8.527300,11.762900
-0.695400,-6.842700,11.704100
-1.723800,-5.002200,11.645600
2.352600,-8.184700,2.053400
-2.377500,1.467000,11.577100
2.550600,-7.157400,7.845200
-1.513400,9.371400,11.480000
1.241900,-8.100300,10.081500
-1.254600,17.050400,9.676100
-1.007700,20.167900,1.992400
-1.562700,21.136500,-5.026100
-1.681100,21.030800,-11.187400
-2.516300,20.925700,-16.436100
-2.136800,20.821000,-19.971400
-1.275300,19.139900,-21.337100
-0.844800,18.331700,-22.305100
2.936600,-8.280800,-7.492600
-0.292800,9.971800,-24.303300
-1.304200,3.771300,-21.565200
-1.347700,-1.242400,-17.344200
-1.889100,-7.334400,-11.476200
-1.398200,-7.545600,-5.852100
-2.351600,-8.218000,-0.994700
-2.809300,-7.459600,3.433200
-2.502100,-8.177800,6.859500
-3.304600,-8.687300,9.279700
-3.393000,-7.719300,9.581300
-3.266400,-7.268400,10.348400
-2.749600,-9.438800,10.585000
-2.254500,-10.023100,10.746500
-3.942300,-10.304200,11.329000
-3.405500,-9.306600,10.988800
-5.650000,-10.618400,11.589200
-2.399900,-10.115000,11.078500
-1.932700,-11.506100,11.397200
-0.803000,-11.162600,11.507100
-0.355700,-11.218800,11.596700
-0.313400,-12.425700,11.538700
0.117100,-13.419300,11.481000
-0.293400,-12.129700,11.423600
0.234700,-12.998400,11.366500
0.188300,-13.772300,11.309600
0.258800,-13.398400,11.253100
0.336200,-12.828600,11.196800
-0.585400,-13.932100,11.140900
0.127700,-12.263400,11.085100
-0.120800,-11.644500,11.029700
-0.182100,-12.460800,10.974600
-0.829400,-10.680400,10.919700
0.249500,-12.125900,10.865100
-4.477300,-12.377400,10.810800
0.280200,-12.959000,10.756700
-6.119700,-12.231700,10.702900
-0.889300,-11.689200,10.649400
-0.884900,-11.630700,10.596200
0.566100,-11.505800,10.543200
-0.618700,-11.955900,10.490500
-4.995700,-12.315500,10.438000
-4.853900,-12.151500,10.385800
-3.740600,-12.962900,10.333900
1.077500,-13.026800,10.282200
-1.394300,-11.665300,10.230800
-2.850500,-11.790400,10.179700
-1.277800,-11.300200,10.128800
-0.210900,-11.503400,10.078100
-3.336400,-10.926400,10.027700
-2.659600,-10.028200,9.977600
-0.878100,-11.021800,9.927700
-1.183500,15.387400,-28.049900
-5.226400,17.357500,-28.841400
-11.832300,21.476800,-28.025200
-11.527700,22.903500,-26.769800
-8.512700,22.789000,-24.403000
-11.699100,22.675000,-20.894700
-11.380900,22.561600,-17.265700
-10.918900,22.448800,-14.126700
-7.721000,22.336600,-12.178200
-0.609500,22.224900,-10.811400
-4.309700,22.113800,-9.013000
-2.841700,22.003200,-6.611100
-4.266800,21.893200,-5.620000
-0.532700,21.783700,-8.010700
-0.320400,21.674800,-8.971500
-0.511800,21.566400,-9.179300
-0.528300,21.458600,-9.931700
-0.733000,21.351300,-11.812300
-1.365600,21.244600,-13.836000
-1.037000,21.138300,-15.914000
-1.310700,21.032600,-16.356300
-5.014500,20.927500,-16.539000
-2.015400,20.822800,-17.538200
-1.724100,20.718700,-17.762700
-1.655900,20.615100,-17.819300
0.795000,3.809900,11.859500
-1.749300,20.493000,-17.606000
-1.564200,20.390600,-17.925500
-1.225200,20.288600,-19.244200
-0.392100,20.187200,-20.632600
-0.168500,19.276600,-21.139500
-0.587100,19.547200,-22.480300
-0.183800,17.983900,-23.349700
0.258000,18.118000,-23.492800
0.425900,16.361600,-24.121200
0.247400,12.578900,-23.721800
-0.182800,10.945600,-23.705600
-0.088900,8.739000,-23.625200
-0.088500,5.585400,-22.866100
-0.872100,0.643700,-21.074100
-0.834400,-3.336800,-18.099500
-0.768200,-6.677900,-14.927700
-1.584200,-6.894700,-11.504900
-1.430900,-8.893000,-5.897300
-1.283100,-8.829400,-0.596500
-1.805700,-8.289600,4.775500
-1.696600,-8.746200,9.155500
4.047900,-14.919900,13.510600
2.664500,-14.266200,13.443000
-0.668400,-8.239600,11.667800
-0.345700,-12.120900,12.436300
0.633100,-12.827600,12.700600
1.137500,-12.546600,13.191800
1.532100,-13.868500,13.125800
2.063000,-13.749100,13.060200
3.372900,20.208300,-15.398500
2.360000,-15.235000,13.071900
2.238500,-14.555900,13.006500
2.286900,-13.978000,12.941500
1.715500,-13.510100,12.876800
1.842700,-12.127100,12.812400
0.966100,-9.054300,12.748300
-0.177800,-5.491700,12.684600
0.352100,1.332200,12.621200
2.361600,5.298100,12.558100
4.203800,14.887200,12.495300
4.545000,20.419500,-3.323300
3.440400,20.217900,-11.804600
2.867900,20.216300,-16.514100
3.461300,19.315100,-18.583400
3.877700,14.643100,-20.713800
4.070400,9.501100,-21.530100
3.604400,1.146300,-20.028400
2.652200,-4.071100,-15.507700
2.260100,-7.620600,-6.539000
1.898500,-8.492800,3.383300
2.673000,-9.079400,10.270100
3.553300,-9.231800,11.498400
3.392500,-11.654500,10.692600
3.621000,-15.304300,12.926300
2.549600,-12.399100,12.861700
-1.895600,-6.832200,12.797400
-2.820300,2.059700,12.733400
-3.478200,10.673600,12.669700
-0.544000,19.151600,-0.697600
-1.389600,20.156200,-12.983400
-0.891800,19.789100,-17.639300
0.266100,15.710500,-20.587100
-0.168900,11.709400,-22.290600
-1.879100,4.837800,-22.055200
0.956600,-9.177300,10.347700
-1.321600,-8.573800,-8.725500
-1.508100,-9.036100,0.395200
-1.829400,-7.468200,7.206300
-2.575700,-7.090000,10.570900
-3.423100,-10.684000,10.894600
-1.871300,-13.878600,11.976800
-0.327200,-12.844100,12.874300
0.610900,-12.915700,12.809900
0.960600,-12.210100,12.745900
0.007300,-8.159800,12.682200
-1.079400,-3.236200,12.618700
0.863400,2.573200,12.555600
3.909400,13.586700,12.492900
4.326000,20.290700,-1.552700
2.881700,20.189300,-12.347300
3.684600,20.088300,-17.177900
0.227500,-9.706600,12.585800
4.334700,9.129800,-21.237100
3.896000,0.350300,-19.810700
3.564300,-5.752000,-13.170200
3.796700,-8.449500,-3.031200
3.663400,-9.014900,5.574800
3.035000,-8.383600,10.046100
2.886400,-9.976400,12.126300
2.543100,-12.607500,12.413600
3.416800,-13.211700,12.608300
3.402100,-14.720800,12.545300
3.225500,-14.313600,12.482500
1.481600,-11.406200,12.420100
2.925500,-6.373400,-7.697100
2.996700,-9.754000,-2.980700
-3.535900,-3.857300,12.411400
-3.020200,0.227500,12.349400
-3.231500,1.961200,12.287600
-2.302600,3.509900,12.226200
-1.986100,8.539700,12.165000
-1.673500,10.846600,12.104200
-1.231400,13.675900,12.043700
-0.727200,16.362300,9.417500
-0.382800,19.659700,1.637500
-0.685900,20.254200,-6.306300
-1.518900,20.153000,-12.249000
-1.454200,20.052200,-16.310400
-1.599400,19.951900,-18.354600
-0.819300,19.852200,-20.374200
-1.220300,19.752900,-21.568700
-0.425400,16.261300,-23.286200
-0.239800,11.332900,-23.486800
-0.167100,8.771600,-23.602900
-0.154400,5.036400,-23.306100
0.027500,1.839400,-22.157700
-0.308600,0.033400,-21.429700
-0.852800,0.202400,-20.888900
-0.839000,-0.682700,-19.988500
-1.132700,-1.851700,-19.681200
-0.941100,-0.214900,-19.601900
3.043200,-10.051000,11.992800
-0.763400,0.220100,-20.879300
-0.659500,0.702800,-21.921100
-0.267800,3.268200,-22.624100
-0.042400,6.971800,-24.114800
-0.962100,9.463000,-24.587600
-1.662600,14.961000,-25.041400
-1.802100,18.870600,-24.694500
-1.795400,19.228500,-22.221400
-1.550500,19.132300,-20.582700
-1.325900,19.036700,-19.560000
-1.090500,18.941500,-18.971300
-1.020700,18.846800,-19.670000
-1.141900,18.752500,-18.384900
-1.839200,18.658800,-17.685300
-1.286700,18.565500,-16.300500
-1.806900,18.472700,-16.726500
-1.178300,18.380300,-17.000400
-1.212900,18.288400,-17.573100
-0.835100,18.197000,-18.328800
-0.685500,18.106000,-18.754300
-0.801300,18.015400,-18.732000
-0.835400,17.925400,-18.240400
-1.310200,17.835700,-17.417600
3.095400,-19.182900,15.731300
-1.481200,16.777800,-13.627300
-0.651600,17.003700,-8.993200
-0.712700,17.673600,-2.573600
-0.299300,14.757100,6.897600
-1.196200,3.931000,15.744100
-2.388900,0.973100,15.665400
-2.758200,-7.753700,15.587000
2.495900,-9.940700,3.070200
0.076500,-13.544200,15.493800
1.763400,-16.012100,15.416300
3.875500,-17.323700,15.339200
4.273100,-12.947600,15.262500
3.544000,-6.992000,15.186200
4.262600,-9.237600,15.110300
3.983900,-12.113000,13.922400
3.415900,-11.611600,11.653300
3.389300,-11.327100,9.138100
3.103100,-12.535900,5.946800
1.216900,-12.263500,2.032700
1.849400,-11.558800,-4.297300
-1.336400,-11.272200,-10.957900
1.396500,-5.599000,-17.711500
2.542900,1.668700,-21.619300
2.871000,6.814900,-23.296100
2.954300,16.027000,-23.601400
3.602000,-14.098600,15.328700
2.800000,18.345000,-18.886900
2.347500,18.253300,-15.315600
1.351600,18.162000,-11.647800
3.458600,18.071200,-8.572600
3.384100,17.980800,-7.414500
3.693600,17.890900,-4.708400
4.054100,17.801500,-1.343800
3.900400,17.712500,0.903000
3.861800,17.464800,4.994900
3.754300,14.217600,11.528100
2.150800,10.712500,15.504300
1.842200,8.354600,15.426800
0.717700,2.183600,15.349700
0.564000,-8.567700,15.272900
-0.961600,-6.852000,15.196600
0.284800,-14.548300,15.120600
2.054000,-13.407900,15.045000
3.154200,-19.010200,14.969800
1.658500,-14.949700,14.894900
0.675600,-9.880100,14.149000
0.493500,-9.752100,9.312200
-1.198600,-9.338700,1.277700
-2.948900,-8.958400,-10.567700
-3.227300,-6.992900,-18.502800
-2.629700,-2.854300,-22.137400
-5.428500,7.206900,-24.090400
-4.047800,15.213600,-23.970000
-1.704100,16.638900,-22.863500
-1.869500,17.789500,-17.985500
-1.598000,17.700600,-9.230800
-1.163500,17.612100,5.089700
-2.184800,13.139800,15.418000
-5.290900,5.960700,15.340900
-5.829200,-3.548900,15.264200
-7.468200,-7.687100,15.187900
-9.072700,-12.564900,15.112000
-5.745900,-12.852400,15.036400
-1.708900,-15.388000,14.961200
-4.591000,-17.720400,14.886400
-8.095000,-16.859700,14.812000
-5.075700,-12.700400,14.737900
-1.220700,-14.583800,14.664200
-1.152700,-15.781000,14.590900
3.321300,-8.884200,14.518000
4.450900,-12.972000,13.197300
3.213300,-13.643500,9.656800
0.564000,-12.023900,4.747100
-4.633900,-10.767500,0.059700
-5.749800,-10.375300,-6.136500
-6.774400,-8.764900,-14.765800
-1.166500,-3.049400,-20.814000
1.417700,5.470900,-23.066700
-5.052200,11.332000,-24.345500
-3.532700,14.773700,-23.711400
-5.972000,17.831100,-21.710200
0.027400,17.982700,-20.422100
2.794000,18.142400,-19.323900
2.494000,18.051700,-17.990400
2.860500,17.961400,-18.055400
2.848600,17.871600,-18.508400
3.067900,17.782200,-18.518400
3.140700,17.693300,-18.721300
2.993900,17.604900,-18.556200
3.114800,15.348900,-18.704100
3.428100,15.951300,-19.020500
3.217900,15.833400,-19.051700
3.247100,17.281200,-19.716600
3.042600,17.194800,-19.339200
2.865300,17.108800,-18.239200
3.163200,17.023200,-17.859700
3.245100,16.938100,-16.648000
2.356700,16.853400,-14.915700
2.094700,16.769200,-11.950500
0.585200,16.685300,-6.309600
3.001100,16.601900,1.281000
0.295600,16.518900,9.155300
1.001900,14.680600,15.546100
1.251900,12.874700,16.509200
0.618900,8.940300,16.426600
2.272000,7.851800,16.344500
2.715800,6.327900,16.262800
2.742800,6.284400,16.181500
3.053100,7.856700,16.100500
2.992600,9.140000,16.020000
2.858500,8.996600,15.939900
3.242200,9.223300,15.860200
3.116300,10.683300,15.780900
3.241300,13.401300,14.975800
3.549200,13.822900,10.685300
3.908000,15.785900,6.680800
4.024300,15.707000,1.843200
3.606200,15.628400,-3.520700
3.321300,15.550300,-8.662400
2.856700,15.472500,-12.663100
3.292800,15.395200,-14.992400
3.719600,14.344100,-17.219500
3.050400,10.621600,-18.780000
3.206700,7.153600,-19.734700
2.652100,1.267400,-18.134700
2.679400,-5.394800,-15.587100
1.879600,-10.362700,-10.399900
2.699500,-13.218200,-3.251200
3.122100,-13.042400,3.418500
3.647400,-13.573000,9.387600
4.031900,-13.328800,12.431500
1.950400,-13.426600,14.523600
3.206100,-13.695400,14.553500
2.932700,-13.612700,14.659400
2.274600,-17.050100,15.894400
1.655500,-17.019600,15.821500
2.841200,-18.555000,15.742400
2.903200,-16.884600,15.663700
2.729000,-17.400700,15.585400
2.362700,-18.090600,15.507400
2.236500,-18.784200,15.429900
2.406400,-19.202600,15.352700
2.017900,-18.861200,15.276000
2.248500,-18.869300,15.199600
2.354000,-18.939400,15.123600
2.454200,-18.399100,15.048000
2.141700,-17.308600,14.972700
2.147700,-16.621500,14.897900
2.036800,-14.805900,14.823400
1.988500,-14.960700,14.749300
2.712600,-13.882600,14.675500
2.699000,-12.726500,14.602200
2.518700,-13.987900,14.529100
2.460800,-14.170500,14.456500
2.586700,-14.202200,14.337200
2.516600,-12.701300,14.312500
2.697000,-13.707800,14.241000
2.507200,-14.673500,14.110800
2.523300,-12.960600,13.806700
3.137400,-11.940200,12.805900
3.626900,-12.240300,10.987900
3.968600,-11.359400,8.781100
3.367300,-14.514900,6.366100
2.985900,-16.062800,3.967900
1.800900,-12.357900,2.499100
3.066800,-13.070600,3.037100
3.127700,-12.261700,3.093400
3.162100,-10.975500,3.947800
3.260700,-11.209000,5.498500
3.037100,-11.467500,7.074800
3.305500,-10.440300,8.493100
3.498600,-10.421400,9.894700
2.928300,-9.173000,10.769900
2.365500,-10.318700,12.052900
0.993000,-12.783600,12.624100
2.129500,-13.863500,12.794600
-1.434300,-16.468000,13.356700
1.210900,-17.207800,13.289900
-0.258300,-16.333000,13.223500
-0.774100,-15.889100,13.157400
-1.621000,-15.128100,13.091600
-2.330200,-13.472500,13.026100
-2.699800,-10.562200,12.961000
-5.991600,-6.339000,12.896200
-5.351600,-3.855200,12.831700
-6.573600,4.190200,12.767600
-4.276800,10.350900,12.703700
-2.363300,18.327600,7.822300
-1.650800,19.157600,-4.787400
-4.962200,19.061800,-13.292400
-3.209600,18.966500,-17.972900
-2.569200,17.780800,-20.456800
-2.044000,13.249900,-22.251400
-0.920900,7.576400,-23.245800
-1.938700,0.060500,-21.154100
-2.720100,-5.580500,-16.325100
-2.635000,-8.154900,-7.700300
-2.567100,-9.012500,0.176100
-2.308800,-9.558400,7.593600
-2.259100,-9.517800,10.012600
-2.159600,-12.406100,10.541600
-0.504500,-14.991600,12.488200
0.265300,-16.394200,13.133000
0.914600,-14.672700,13.067300
-0.167100,-13.238600,13.002000
-2.027500,-6.063800,12.937000
-1.076000,-0.357000,12.872300
0.623700,3.943800,12.807900
2.815400,11.680900,12.743900
3.170700,19.199900,3.222400
2.559100,19.103900,-7.546000
2.982400,18.511000,-13.766100
2.290700,18.915900,-16.931100
2.841600,17.697100,-19.698900
2.107700,10.998000,-21.492600
0.631600,5.145100,-21.957000
0.702300,0.253200,-19.345100
0.937100,-6.070300,-12.318400
1.690200,-6.916900,-2.700800
2.930500,-9.198600,5.867800
2.096100,-6.097600,11.136000
-1.689100,-8.995900,11.039800
1.891500,-14.734500,13.103100
2.184700,-16.045400,13.137100
1.242000,-13.401000,13.071400
-3.392100,-7.216700,13.006000
-5.155300,-2.750600,12.941000
-5.672800,-0.420500,12.876300
-3.304300,3.468300,12.811900
-1.803200,8.236200,12.747900
1.623100,-8.829500,10.587600
-2.717300,17.378100,8.482900
-4.078800,19.008800,3.314600
-1.546700,18.913700,-0.157400
-1.298200,18.819200,-4.412800
-1.682600,18.725100,-8.341800
-1.950600,18.631500,-11.614900
-1.962300,18.538300,-14.723900
-1.823800,18.445600,-17.347900
-1.490600,18.237200,-19.148500
-0.708600,18.131700,-20.513600
-0.609800,14.816800,-21.500000
-0.702000,12.814800,-23.272800
-0.584100,7.317400,-23.280300
-1.074500,2.443300,-23.268800
-1.255000,-1.720200,-20.686000
-2.135200,-3.980300,-16.631500
-1.524000,-8.521500,-11.315100
-2.228900,-8.173900,-5.746600
-2.360800,-11.088000,0.468500
-2.287000,-9.781500,4.136100
-2.537700,-9.837400,7.880600
-1.893500,-9.676200,10.274300
-1.900700,-9.725500,11.092700
-2.222500,-11.321200,11.535300
-1.529800,-14.152900,11.623000
-0.468900,-15.959900,13.497000
0.272200,-15.236700,13.429500
0.683100,-15.725300,13.362300
-2.003600,-10.747100,13.295500
-1.693300,2.992400,13.229000
0.159600,3.554200,13.162900
1.686400,6.982300,13.097100
3.255500,12.283000,13.031600
3.561000,15.169400,8.548900
3.819600,18.557900,-1.581300
2.632800,18.465100,-9.792500
3.153400,18.372800,-14.135500
2.763500,18.280900,-16.538400
3.743400,16.941400,-18.636200
1.930300,13.332200,-20.852200
2.835700,5.880500,-21.925200
2.530800,-0.585600,-20.664500
0.919100,-3.604300,-14.103200
1.572300,-8.559700,-4.836500
1.564400,-10.301800,3.361500
2.569400,-8.710900,9.154600
3.688500,-10.218700,11.546700
3.245800,-9.216700,12.802000
2.405100,-11.579900,13.454700
2.204800,-11.159800,13.387400
2.034100,-11.280300,12.794400
1.840400,-12.389200,13.256500
1.395100,-12.520300,13.190200
1.507300,-14.330800,13.124300
1.278200,-16.220400,13.058700
0.959600,-16.966200,12.993400
-0.315400,-17.217400,12.928400
0.158100,-16.266300,12.863800
-0.748300,-16.225400,12.799400
-0.825600,-14.912300,12.735400
-1.917600,-13.524700,12.671800
-3.352200,-9.789500,12.608400
-4.367300,-6.256600,12.545400
-4.838700,0.409100,12.482600
-2.762700,7.008100,12.420200
-0.916400,14.875200,12.358100
-0.933200,19.156500,-1.296000
-1.931800,18.339200,-11.934500
-1.343100,18.969000,-16.822100
-1.894000,18.874100,-19.197300
-0.976600,18.779800,-21.017200
-0.909800,17.328100,-22.246700
-1.374700,16.936500,-23.391300
-1.184300,10.682100,-23.231400
-0.882900,10.719200,-23.627600
-1.216900,7.910800,-23.933700
-1.844700,6.706000,-23.923600
-1.833100,5.840800,-24.233000
-1.902500,2.997200,-24.014100
-2.622200,0.937500,-23.438900
-2.647200,-0.049000,-21.934700
-2.931900,-0.949500,-20.719300
-4.087300,-0.079700,-18.266100
-4.545900,-4.180500,-15.541500
-3.736700,-5.313000,-12.325300
-3.231900,-8.475000,-8.665300
-3.904400,-6.581000,-5.054500
-2.900700,-6.984200,-3.418300
-2.755200,-10.192600,-1.785500
-3.408600,-10.856500,-0.265700
-1.182500,-9.651200,1.339400
-0.652300,-10.765900,4.454500
-0.608500,-10.235500,6.963000
-0.393400,-9.304900,9.523300
-0.262800,-10.052000,10.552800
-0.528400,-10.378200,11.520000
-0.180200,-8.817900,11.929500
-0.493800,-12.379300,12.277300
0.073400,-13.013300,13.193000
0.861800,-15.650600,13.839000
-0.548500,-15.956000,13.769800
1.065200,-10.964800,13.700900
1.155200,-15.168400,13.632400
0.212900,-12.092400,13.564300
-0.522100,-8.304800,13.496400
-1.141500,-3.480500,13.429000
-1.314500,0.571400,13.361800
-0.526300,0.630500,13.295000
-0.020900,2.495600,13.228500
0.146100,2.897800,13.162400
0.126300,2.630700,13.096600
-0.038800,3.268100,13.031100
0.519000,4.486200,12.965900
0.823800,5.543300,12.901100
1.327300,8.501500,12.836600
2.407300,8.976200,12.772400
3.272300,11.957700,12.708600
3.870700,14.869600,7.812800
3.722700,18.157700,1.932900
3.580200,19.010000,-1.482100
3.264400,18.915000,-4.679900
2.707100,18.820400,-9.215300
2.660200,18.726300,-13.013100
2.592100,18.632700,-16.513000
2.381300,17.870500,-18.129600
3.310700,18.450200,-20.131200
2.898600,13.196800,-21.636800
3.365500,12.225300,-22.555700
3.024600,7.488600,-22.581100
2.563800,1.908200,-21.834300
2.786900,0.514100,-20.524100
2.296400,-3.084400,-18.169500
1.860700,-4.777700,-15.929100
1.589300,-6.486300,-11.109600
2.379600,-9.375400,-5.596900
2.710900,-10.007700,-1.165000
3.676800,-11.218300,3.449600
3.818100,-9.663300,6.887800
3.727500,-8.297100,10.060900
3.527700,-10.440900,11.874100
3.019200,-11.129800,11.893400
2.112800,-11.851100,13.323300
2.841000,-15.719100,13.530200
2.221500,-15.852600,13.462500
0.489800,-12.694400,13.395200
1.535900,-15.781300,13.328200
0.691800,-15.221000,13.261600
-1.580300,-13.967700,13.195300
-2.961700,-8.926800,13.129300
-5.296600,-6.272800,13.063700
-5.334500,-3.698700,12.998300
-4.576200,1.731700,12.933400
-3.459500,4.859100,12.868700
-1.948000,11.409600,12.804300
-1.366400,15.968600,8.999500
-1.171300,18.033400,-1.952700
-3.331600,-10.262400,-2.505300
-2.261600,18.994900,-15.535200
-0.932500,16.093300,-18.967700
-0.620400,14.926100,-21.642000
-0.784100,8.355300,-23.118500
-1.838300,0.771200,-22.361900
0.115500,-17.508200,13.225700
-2.713800,-6.637400,-8.818600
-2.745500,-9.003900,0.538400
-2.858100,-8.942200,7.356000
-4.261700,-5.487400,10.217000
-2.924900,-10.328500,11.193000
-0.779900,-10.155300,13.057200
0.594300,-14.913500,12.991900
3.248400,-9.570100,10.773300
-1.364700,-8.595200,12.873100
-2.029900,-7.756300,12.808700
-0.103800,0.465900,12.744700
1.133500,5.263000,12.680900
3.289300,10.233900,12.617500
3.351500,15.928300,7.862800
3.880400,19.084200,-2.909700
3.189000,18.988800,-11.054700
3.089600,18.893800,-16.373200
3.977400,16.662400,-18.278800
3.216400,11.998900,-20.889800
2.468700,6.913000,-21.438300
2.909100,-1.102400,-19.074300
2.117700,-6.799500,-11.136400
1.999900,-7.907000,-1.248300
3.422100,-8.556100,5.828500
2.790100,-9.068600,9.428700
3.009700,-9.614200,11.004400
2.024800,-11.727600,12.017000
2.810600,-13.358500,12.935800
2.465300,-12.631600,12.871100
2.469700,-15.194600,12.806700
2.383400,-15.881200,12.742700
1.947300,-15.701700,12.679000
2.390400,-15.294300,12.615600
1.751700,-15.480000,12.552500
2.212400,-16.143700,12.489700
1.922500,-15.202700,12.427300
1.939100,-14.621500,12.365200
1.684000,-14.893900,12.303300
1.589800,-15.181700,12.241800
1.507900,-14.035800,12.180600
1.693400,-13.584300,12.119700
1.911300,-12.663300,12.059100
1.653900,-12.700100,11.998800
2.055600,-12.059900,11.938800
-0.335400,-8.744300,11.879100
2.101800,-12.179800,11.819700
2.105600,-9.914600,11.760600
2.171300,-11.249600,11.701800
2.360600,-12.489700,11.643300
2.260600,-13.540200,11.585100
2.092000,-13.796600,11.527200
1.933800,-13.308200,11.469500
1.695400,-13.182000,11.412200
1.810800,-14.419700,11.355100
1.696900,-13.480100,11.298400
0.568400,-12.421400,11.241900
-1.719800,-8.465400,11.185700
-2.809800,-10.729800,9.030900
-4.378000,1.894400,11.084600
-2.952500,8.779000,11.029100
-1.505600,15.565000,10.900700
-0.888000,17.817700,-1.333500
-1.736700,20.607400,-10.868600
-2.092600,20.634800,-16.438200
-2.177500,20.531600,-19.499300
-2.026000,20.429000,-21.360600
-1.470100,20.326800,-23.050600
-1.734400,17.890400,-24.155500
-0.910800,17.403000,-25.428800
-0.930000,11.622900,-25.330300
-1.952500,7.370600,-24.598300
-2.014200,0.542100,-22.881100
-2.692800,-4.403100,-17.018800
-3.027300,-9.792900,-7.108400
-2.800100,-8.457100,1.768300
-1.904300,-7.149500,8.505800
-1.775700,-9.015400,10.169600
-2.255300,-9.106100,10.419000
-1.393300,-11.627100,10.271600
-0.635700,-13.670800,10.885100
-0.182100,-14.174400,11.854800
0.421700,-15.142600,11.795500
0.055000,-12.648100,11.736500
-1.027200,-8.080900,11.677800
-2.544800,-4.851900,11.619400
-1.566900,-0.855100,11.561300
0.163800,5.090100,11.503500
2.312500,10.938800,11.446000
2.677500,14.766100,8.853800
1.200900,19.291500,-0.553400
3.141800,20.345500,-8.919900
2.501800,20.243800,-14.508800
2.189000,20.142600,-17.355500
2.974000,20.041800,-19.606500
3.285600,18.305100,-21.422100
3.493200,16.226100,-22.685200
3.056300,15.532500,-24.018300
3.498600,10.023900,-23.583600
2.868600,7.731300,-23.024800
2.804200,6.641800,-22.962200
2.895100,4.897500,-23.774300
2.466000,5.719000,-23.391000
2.589500,6.912900,-23.307400
2.850600,3.573100,-22.823800
2.438300,2.711600,-22.123500
1.925700,-1.217300,-18.864900
2.433200,-5.345800,-13.342000
2.425800,-7.535300,-6.424000
2.668700,-9.630400,0.962200
2.059600,-8.674300,8.008800
1.632200,-9.443600,11.228800
1.559700,-8.195300,11.596800
1.380300,-11.090300,11.810500
2.412400,-12.991300,12.623600
2.388500,-14.098800,12.826800
2.247800,-14.812300,12.762700
1.578900,-12.393300,12.698900
1.935600,-15.257700,12.635400
1.601800,-15.491300,12.572200
1.567600,-15.244600,12.509300
0.337300,-14.408200,12.446800
0.874100,-15.210700,12.384600
-2.144800,-15.077500,12.322600
0.716100,-15.469200,12.261000
0.123900,-14.767500,12.199700
0.764300,-15.065400,12.138700
-0.331000,-15.030600,12.078000
1.250600,-15.050700,12.017600
0.777300,-14.091400,11.957500
-0.773200,2.105100,11.897800
0.565200,-15.742500,11.838300
0.402700,-13.750200,11.779100
-0.473900,-14.084200,11.720200
-1.384200,-11.857100,11.661600
-3.028700,-8.695100,11.603300
-4.193200,-5.887300,11.545300
-5.270800,-2.876600,11.487500
-5.337400,-2.266500,11.430100
-5.101000,0.692700,11.372900
-5.535400,3.158000,11.316100
-4.280500,6.645300,11.259500
-4.313900,6.600200,11.203200
0.223500,-14.213000,11.147200
-3.988400,11.537800,11.091400
-3.170200,12.836000,11.036000
-2.220100,15.986600,10.980800
-1.820600,16.323700,10.478500
-1.554100,18.282000,5.662400
-1.370000,20.904200,-0.163900
2.254300,-12.397900,10.846000
-1.953500,20.861700,-10.238000
-2.637200,20.757400,-13.596900
-2.259400,20.653600,-16.784200
-2.262400,20.550300,-19.988900
-1.953200,20.447600,-21.754800
-1.109400,19.276000,-22.952000
-1.561400,18.240700,-23.754700
-1.248600,18.361600,-25.010900
-1.554500,17.740700,-25.853400
-1.022500,15.392900,-26.079200
-0.903000,15.156300,-25.922600
-1.468000,13.536300,-25.933600
-1.536900,14.874600,-26.318600
-1.453000,17.214200,-25.648500
-2.141600,19.596400,-25.196100
-2.964900,19.498400,-24.233700
-1.765700,19.400900,-23.788500
-5.279000,19.303900,-23.042800
-2.033100,19.207400,-20.902000
-2.454300,19.111400,-19.970500
-2.361000,19.015800,-18.514700
-3.180900,18.920700,-17.597600
-4.940300,18.826100,-15.503100
-1.915400,18.732000,-13.690800
-1.746200,18.638300,-11.267800
-1.920900,18.545100,-9.486200
-1.794500,18.452400,-8.838200
-3.580000,18.360200,-8.555700
-1.817700,18.268400,-9.561500
-1.763300,18.177000,-11.112700
-2.424200,18.086100,-12.746700
-2.230900,17.995700,-15.118500
-2.717800,17.905700,-16.296400
-2.747100,17.816200,-18.416800
-1.744400,17.727100,-19.447100
-1.530800,17.638500,-20.458000
-1.258600,16.964600,-22.131100
-1.152200,14.039200,-21.836900
-0.722300,8.974200,-22.323500
-1.157200,6.200700,-22.171400
-1.821000,0.683900,-22.001000
-1.752300,-2.624800,-20.213300
-3.085200,-1.262800,-15.086400
-3.055500,-2.128700,-8.948500
-3.016400,-1.941700,-3.139200
-2.160100,-11.964600,1.885700
-1.408200,-11.680800,5.639100
-1.703800,-11.305500,8.897100
-1.635700,-11.048700,10.880600
-1.861000,-11.086400,12.165500
-3.681900,-11.426600,12.657500
-1.935800,-12.029600,13.049400
-0.982400,-11.314100,13.398800
-0.589100,-11.972400,13.510500
-0.841100,-13.290000,14.057800
0.094900,-12.720700,13.768300
0.027700,-12.854900,13.878200
0.134800,-14.389600,14.280000
0.258000,-14.532200,14.208600
-0.036400,-15.067200,14.137600
0.214000,-15.332600,14.066900
0.084300,-17.198100,13.996500
0.636700,-17.219400,13.926600
0.814600,-17.657500,13.856900
1.315800,-17.407200,13.787600
0.854000,-14.696400,13.718700
-0.144000,-11.174700,13.650100
-0.398300,-8.750100,13.581900
-0.858600,-8.880300,13.514000
-0.449200,-8.847800,13.446400
-1.071300,-11.668000,13.379200
-1.192200,-12.858400,13.312300
0.119700,-11.912300,13.245700
-2.585700,-9.924900,13.179500
-2.479800,-10.544900,13.113600
-2.894000,-8.802600,13.048000
-1.995400,-8.096100,12.982800
-2.004500,-7.207300,12.917900
-1.208100,-5.898700,12.853300
-4.512100,-2.540100,12.789000
-0.571800,-1.319200,12.725100
-0.480800,4.959600,12.661400
0.901400,2.842500,12.598100
0.939800,7.530000,12.535100
1.659600,12.227500,12.472500
3.440900,13.488900,12.410100
4.052800,16.579000,1.455700
2.912500,19.140700,-9.554100
3.956100,19.045000,-15.847600
3.466800,18.683500,-18.828200
4.200100,17.055400,-20.533200
3.874100,10.888600,-21.738800
3.011100,6.599500,-21.403800
3.127200,0.944900,-20.572300
2.449000,-3.542400,-17.459600
2.732300,-7.995200,-12.353700
1.172000,-8.679700,-6.084100
0.968400,-10.116200,-0.286700
2.684100,-9.314900,5.255300
1.827100,-4.209200,9.709200
2.232600,-3.013300,12.453600
1.637600,-6.970800,12.274500
0.771500,-7.796200,12.965600
2.116400,-14.548900,12.900800
2.148700,-14.824100,12.836300
1.632800,-14.861900,12.772100
0.947900,-13.670000,12.708200
-2.090500,-6.969600,12.644700
-4.043700,3.131200,12.581500
-4.435700,2.596100,12.518600
-2.402300,9.915700,12.456000
-0.688800,16.886600,4.527900
1.990800,-12.881100,10.741600
-1.269600,2.844700,-17.346200
-1.642100,-0.844200,-21.277300
-1.722100,-2.937000,-19.733900
-1.587200,-10.378900,-10.162600
-3.337900,-9.071100,2.899600
-5.706700,-7.355300,9.081000
-4.720200,-11.591300,8.849700
-2.056100,-13.692400,12.555800
-3.175400,-8.798200,12.493000
-2.077600,-0.737700,12.430500
1.555000,7.806800,12.368400
3.224900,16.539800,2.922700
2.722600,9.160200,-11.738100
3.195100,16.420800,-17.408200
3.932200,14.186800,-19.975900
3.526500,9.778800,-21.517900
2.446000,1.527400,-20.619200
2.669700,-3.849200,-15.590300
2.813600,-8.538900,-6.747500
2.995000,-8.627200,1.889000
2.577300,-8.698500,7.858600
1.882800,-8.149800,9.880600
1.113200,-10.346700,11.513700
1.834500,-11.970300,11.725400
2.294800,-14.248200,12.645600
2.783700,-14.586800,12.582400
-0.487800,0.475500,12.519400
1.840500,-13.544000,12.456900
0.513500,-12.952000,12.394600
-0.830800,-10.640000,12.332600
-3.259700,-6.733400,12.270900
-3.760500,-0.160700,12.209600
-1.918700,-13.617000,12.148500
-5.111900,9.507100,12.087800
-1.185300,17.364100,12.027300
-0.650300,19.083600,2.759700
-0.327800,19.650100,-6.457400
-2.702000,-5.004800,11.985700
-2.068900,19.576900,-17.337400
-1.067200,19.339000,-20.327200
-0.999900,16.480400,-22.306000
-0.365800,11.724800,-23.173900
-1.388700,5.372600,-22.824500
-0.750200,-0.681000,-20.808700
-1.320800,-6.525600,-15.900400
-0.823300,-8.254100,-9.715600
-1.491200,-9.137400,-2.556000
-2.572800,-6.482300,12.700500
-3.482200,-10.076900,8.500600
-4.663400,-10.793800,10.021400
-4.447100,-13.242100,10.493200
-3.195200,-15.380200,11.148500
-1.985300,-15.715500,12.436200
-0.574200,-14.343000,12.374000
-1.190900,-10.932600,12.312100
-2.159600,-7.193700,12.250600
-1.634100,-3.623700,12.189300
0.492600,3.731800,12.128400
3.040000,13.440700,12.067700
3.537200,19.376400,1.980200
2.680700,19.693600,-9.940200
3.041400,17.872800,-15.831400
1.768000,14.654500,-19.314900
1.587500,14.576400,-20.552900
-5.836400,9.320400,-21.360400
-4.286900,-1.102000,-19.132700
-1.057900,-4.142000,-10.913200
1.187500,-5.138800,-0.204100
1.350800,-5.055900,7.565700
1.241500,-9.310600,9.839400
1.268700,-13.656000,11.694200
2.101200,-15.470300,12.438300
0.984900,-14.780500,12.376100
2.324000,-13.124300,12.314200
0.875400,-10.992600,12.252600
-1.335600,-7.346400,12.191400
-2.832600,-2.317100,12.130400
-2.089300,2.451000,12.069700
-1.673700,7.095200,12.009400
-0.762200,14.084900,11.949300
-0.722600,17.748800,6.699900
-0.111300,19.618300,-2.491600
-1.140200,19.520200,-10.557700
-1.568300,19.422600,-15.552200
-1.681900,19.325500,-19.125200
-0.870500,19.228800,-21.782000
-0.901800,18.487500,-23.400800
-0.778200,15.099300,-23.934400
-1.072200,12.002100,-23.821900
-0.840400,8.929900,-23.638400
-1.267600,4.398000,-22.671900
-0.868000,0.181900,-21.641000
-1.061500,-1.079700,-19.838500
-1.010900,-7.356000,-15.409300
-1.122600,-8.329600,-9.920400
-1.860500,-9.584400,-4.671000
-1.560500,-10.330000,-0.074500
-1.917300,-10.509500,5.099400
-2.517700,-10.168600,8.724800
-3.465500,-9.348000,10.296800
-3.893800,-12.635200,11.341600
-2.842500,-15.014600,11.685200
-1.851200,-15.787900,12.913000
-0.364500,-16.483500,12.848500
0.211700,-14.699500,12.784200
-0.521000,-11.058600,12.720300
-1.979200,-7.800500,12.656700
-2.012200,-3.529200,12.593400
-0.064700,3.392100,12.530400
1.463100,6.966400,12.467800
3.576700,12.515000,12.405400
3.394400,16.367800,5.986100
4.416400,19.074100,-2.072400
4.170400,19.364200,-8.172100
3.551400,19.267400,-11.369800
3.435900,19.171000,-13.514900
3.561700,19.075200,-14.016900
3.365200,18.979800,-15.288400
3.493700,18.884900,-16.139000
3.347600,18.790500,-16.101200
3.330800,18.696500,-16.020700
-1.552000,-9.170700,11.373900
1.320200,-11.310100,11.748300
-1.674800,-7.679000,12.761400
1.433900,-16.307800,12.697500
0.661800,-14.627200,12.634100
1.780900,-16.091100,12.570900
1.679100,-15.186100,12.508000
1.682600,-12.746200,12.445500
0.013200,-11.464800,12.383300
-3.966500,-10.737800,12.321400
-6.153400,-6.835500,12.259700
-6.592100,-3.281600,12.198400
-6.046800,-1.039400,12.137500
-4.784500,3.474500,12.076800
-2.084400,6.433600,12.016400
-3.415700,9.304000,11.956300
-0.291100,14.488200,11.896500
-2.167500,18.476500,3.732900
-5.061600,19.024600,-3.463500
-0.315500,18.929400,-9.289400
-1.727000,18.834800,-13.132100
-0.681800,18.740600,-17.174800
-0.754600,18.646900,-20.082000
0.126100,17.338900,-21.845200
-0.324900,14.068500,-23.566100
0.193800,8.443300,-23.386300
-0.488700,2.021600,-21.639400
-0.124000,-3.281200,-18.330800
0.157800,-8.019000,-14.259400
0.490600,-9.504000,-9.898600
-0.260100,-10.405000,-4.041700
-0.037200,-11.341900,0.980500
-1.416800,-10.310500,5.205500
-2.181800,-10.699800,7.941500
-2.680900,-10.977600,9.319700
-3.577800,-11.351700,10.426500
-4.455900,-12.117000,10.846200
-2.617700,-15.068600,11.502100
-1.503700,-16.501700,12.157100
-0.857500,-17.272400,12.477000
-0.333700,-16.280500,12.414600
0.506800,-16.008400,12.352600
0.397000,-15.866400,12.290800
-0.069700,-13.480300,12.229300
-0.874800,-11.096600,12.168200
-0.401000,19.442200,1.396200
-2.426900,-3.743700,12.100400
-1.292400,-2.733600,12.039900
-1.202500,0.594800,11.979700
-1.191700,7.655200,11.919800
2.367300,-14.907600,11.860200
0.194100,7.667600,11.800900
2.652400,10.021900,11.741900
3.327900,13.508200,11.683200
3.482800,15.449600,6.075200
4.463900,18.923100,-0.375100
4.329600,19.082800,-6.602500
3.795600,18.987400,-12.160100
3.921900,18.892500,-15.278300
3.695000,18.798000,-17.036800
3.264300,18.704000,-18.819900
3.295600,18.610500,-20.050800
4.196600,18.517500,-21.349400
3.822900,17.770100,-22.384100
3.208000,14.466600,-23.156300
3.142000,13.014400,-23.252600
2.930800,11.755500,-23.732100
3.299900,11.122400,-23.296500
2.954500,8.793300,-22.858300
2.639500,9.233100,-23.015700
2.995600,7.897700,-23.217600
3.288100,8.718500,-23.606700
3.345500,8.122100,-22.804700
3.107200,4.952500,-22.542900
2.555400,2.530400,-20.867000
2.954900,-1.454800,-18.996800
2.654200,-4.199900,-16.027900
3.034100,-7.276900,-11.636800
2.968900,-9.096900,-6.324000
2.436900,-10.748100,-1.276100
3.327900,-10.699200,3.181800
2.784600,-9.049000,7.298100
1.896100,-10.042800,10.414400
0.804800,-11.868000,11.923200
0.214500,-12.885800,12.163900
1.214300,-15.754900,13.572800
0.602900,-14.560900,13.504900
1.434000,-13.580100,13.437400
1.810500,-15.568800,13.370200
1.398700,-15.738800,13.303400
0.531400,-14.080100,13.236900
-0.772400,-12.391700,13.170700
-1.645500,-7.432500,13.104800
-2.128100,-2.329000,13.039300
-0.966500,3.127900,12.974100
-0.110900,14.009900,12.909200
-0.467800,18.741100,9.992800
-0.007900,18.647400,0.394000
-0.405900,18.554200,-7.441100
-1.056800,18.361900,-13.897700
-0.863200,18.241500,-17.736400
0.215800,15.738600,-20.319100
-0.769500,-9.388200,13.089700
-0.980100,6.150900,-22.158400
-0.696400,-0.569100,-21.206400
-0.838200,-5.508700,-16.336600
-0.293100,-7.930900,-7.966700
-0.596700,-10.519700,2.360700
-1.916300,-9.971500,8.573400
-3.627300,-11.782800,10.844500
-3.942700,-14.998200,11.600500
-2.691000,-17.106000,13.195700
-1.221500,-15.233200,13.129700
-1.627700,-8.546500,13.064100
-2.923000,-6.008700,12.998800
-1.135400,2.848100,12.933800
1.460600,7.206800,12.869100
3.185800,14.229300,8.158400
3.391500,18.240300,-6.683500
3.586600,17.479500,-14.754800
3.206400,17.687600,-18.014900
2.673300,16.595900,-19.838400
1.904500,10.471900,-20.990300
1.127600,-0.423300,-19.026600
2.287300,-3.130700,-8.894000
2.402200,-10.497700,3.244400
1.651400,-7.852500,10.486900
1.033100,-10.777700,10.305800
0.089000,-12.520700,13.184800
-1.517600,-9.722300,13.118900
-3.497500,-14.823500,13.053300
-6.280100,11.602300,12.988000
-2.724100,-8.406500,-7.186800
-2.898800,16.273800,-15.508200
-3.899500,14.238300,-20.911700
-3.629700,-6.868000,-15.864700
-1.719500,-11.954800,-0.762700
-1.286700,-15.712700,10.434300
-4.332900,-7.610400,9.757800
-2.493000,-13.649100,13.123300
-0.636100,-4.663500,13.057700
-2.668000,-2.381100,12.992400
-1.317800,-2.419200,12.927400
2.806700,13.323400,12.862800
4.227300,9.124600,0.798100
3.646100,15.560800,-12.443700
3.382400,18.549400,-16.139600
3.153400,16.350600,-20.136300
2.882700,10.075300,-21.253300
2.120000,2.299100,-20.737200
1.237200,-5.192700,-14.625800
-1.118700,-3.782200,-4.227000
2.606900,-5.810300,6.034100
2.539000,-1.837400,11.411100
0.970200,-5.057200,11.079900
0.457800,-8.301400,11.963500
2.014000,-15.137400,13.139900
0.743300,-7.347800,13.074200
-3.676200,-4.928000,13.008800
-3.584000,12.018600,12.943700
-0.820800,14.863500,12.879000
-0.997800,4.892400,-8.165100
-1.366900,-0.899100,-16.367200
-0.711900,-9.106600,-20.622500
-3.560900,-7.986300,-19.137300
-0.883600,-10.024300,-5.815700
-2.304200,-14.406700,7.224800
-3.620100,-16.479400,10.358200
-4.383600,-11.113800,11.314400
-1.392400,-14.137100,13.020700
-5.136300,-14.869500,12.955600
-0.640100,-1.416800,12.890800
1.472100,0.008200,-6.003900
3.159100,6.616400,-14.881700
1.804000,9.902900,-18.033900
1.895100,8.168600,-18.906500
2.505200,-13.002700,-6.408200
1.320200,-8.519600,7.483600
1.742600,-11.100700,10.722900
1.610000,-11.567100,12.478000
-0.609600,-9.926900,12.994100
-1.721800,-0.490500,12.929100
-2.649700,-3.118900,12.864500
-0.718100,5.294600,12.419500
-0.652600,4.512700,-9.416500
-1.328500,5.076300,-16.725900
-1.228900,3.068200,-20.407500
-2.006800,-5.876400,-19.990900
-0.724200,-12.645800,-8.411800
-0.708600,-14.465200,6.011900
-4.477500,-13.168000,10.037800
-3.528100,-14.148300,10.531000
-1.425300,-11.503900,12.979900
-2.962400,-1.621000,12.915000
-1.551100,3.165100,12.850400
2.789100,14.037400,12.786200
4.038100,19.200300,-4.146700
3.131400,19.203800,-14.699600
3.020500,17.395000,-17.638200
2.578800,16.404900,-20.400200
1.355300,9.667000,-21.701800
0.721800,1.533000,-21.223900
-0.075400,1.013000,-15.365100
0.206200,-1.425200,-7.176400
1.027300,-7.985700,1.309800
1.124700,-6.725700,8.399900
-1.504700,-6.182100,11.682300
-0.544000,-5.760400,11.526200
1.496300,-13.965000,12.462300
2.220400,-14.121500,13.107100
-0.023600,-10.221400,13.041600
-2.969000,-9.767500,12.976400
-2.792100,-1.206500,12.911500
-3.469200,1.087300,12.846900
-2.822700,2.945400,12.782700
-5.537200,10.611200,12.718800
-0.605200,12.104800,12.655200
-0.294800,17.775500,3.682300
-0.665000,19.041900,-4.962700
-0.757000,18.946700,-11.970300
-1.101200,18.852000,-15.415900
-2.227600,18.757700,-17.185700
-2.373800,18.663900,-19.799700
-3.896600,15.435100,-21.166300
-2.704600,11.528400,-22.144800
-4.168600,5.825300,-22.143700
-3.034900,0.084000,-21.172700
-1.656600,-3.154900,-18.154700
-1.388600,-6.959200,-13.886500
-1.581800,-8.768900,-7.401900
-1.361800,-11.239100,-1.138000
-1.388300,-10.708700,4.801500
-2.096300,-11.029300,9.383900
-1.840400,-10.631000,11.734300
-2.496000,-11.635900,11.551800
-2.316800,-14.275300,11.763300
-1.971500,-15.345400,12.252600
-0.674800,-16.669900,13.248800
0.181700,-15.847800,13.182500
0.669300,-17.272300,13.116600
0.298900,-15.722800,13.051000
0.307000,-12.867900,12.985800
-1.267400,-10.337100,12.920900
-2.083200,-6.138900,12.856200
-1.953600,-1.814000,12.792000
-0.635600,3.435400,12.728000
1.807900,8.436900,12.664400
3.955500,15.982300,10.299600
4.083500,19.269100,-5.260700
3.569700,19.172700,-13.324900
3.268300,18.629500,-16.952000
4.024100,16.241400,-18.654500
3.903900,9.997700,-21.432800
3.100300,4.614400,-18.480300
2.991900,-5.050400,-12.013200
2.836300,-5.985600,-1.081700
3.029500,-4.013400,8.470200
2.811800,-6.826800,11.201700
2.066100,-12.326100,10.604700
2.403700,-10.539200,12.934200
1.843600,-10.710500,12.869500
-2.919800,-3.853300,12.805100
-3.648700,8.391000,12.741100
-0.446700,9.712100,12.677400
-0.465900,14.036400,-3.575800
-1.419200,16.377900,-15.287200
-0.070500,10.321700,-16.962300
-0.789800,2.646700,-20.435400
-0.945500,-1.210300,-18.245700
-1.186200,-7.581300,-9.649400
-2.043000,-10.219600,1.511000
-2.823900,-9.401100,9.562900
-3.870200,-12.087500,9.829600
-2.335300,-14.784200,12.104000
-0.924800,-9.446200,12.869800
-2.266600,-3.117200,12.805400
0.201700,-9.774200,10.876100
3.370100,10.499600,12.687000
3.229400,8.864800,-7.548300
3.163200,5.662900,-15.901300
3.719300,14.389900,-18.907800
1.119900,2.581500,-20.907900
1.576600,-3.503400,-12.755900
2.378900,-11.035400,1.975500
3.000900,-12.779400,11.173800
1.815800,-5.073100,10.970100
1.751900,-12.123000,12.883100
0.151300,-9.755600,12.818700
-5.699800,-1.559200,12.754600
-1.343700,8.619400,12.690800
-0.252700,18.275300,-2.633100
-1.483500,12.972200,-15.343000
0.423200,11.870700,-18.197400
0.082700,5.055500,-21.850200
-0.694600,-3.748900,-17.234600
-0.996100,-7.126000,-3.955900
-1.253300,-8.613200,7.817100
-2.731600,-11.546500,9.786900
-2.706100,-10.011300,10.979500
-0.621700,-12.971000,12.880500
-1.819600,-5.282800,12.816100
-2.129900,1.790200,12.752000
3.261700,11.630400,12.688300
3.638600,18.933500,-6.041000
3.367800,14.046500,-14.744600
4.478200,16.001900,-17.737900
0.857400,5.219600,-20.389700
1.811100,-3.614200,-14.601800
1.330200,-7.413800,-1.445900
-0.783100,-12.972100,10.059500
-0.223900,-13.977200,9.413500
-2.196000,-16.543000,12.902300
-2.485300,-3.270100,12.837700
-2.908900,-7.610000,12.773600
-0.609000,0.404100,9.521800
-2.281300,11.824000,-12.280600
-3.973800,19.130900,-17.504800
-0.145800,9.498300,-20.272200
-0.278500,-11.260200,-17.010900
-1.223200,-10.110100,-3.862000
-0.773800,-8.920500,9.202100
-3.422300,-7.998900,10.042600
-2.766500,-13.604300,11.322100
-0.372000,-9.690100,12.863900
-2.155100,-6.019400,12.799600
-0.843100,2.985200,12.735600
3.445800,6.027800,12.671900
2.875700,15.968300,-8.518900
-3.120100,1.473400,12.651100
2.033300,7.059000,-17.056600
2.859600,5.722600,-20.026400
2.850100,-5.244200,-13.070200
2.299600,-0.940400,-1.356500
3.291400,-3.580900,8.694800
2.297900,-6.520300,12.523700
2.293600,-7.274100,10.352100
1.557600,-8.369700,12.687600
1.294900,-10.572700,12.624100
-1.485500,1.469300,12.561000
-3.944500,1.297500,12.498200
-5.550000,11.087700,12.435700
-1.928600,18.908200,6.071000
-1.151600,19.263500,-11.198300
1.887700,-9.090400,12.399200
0.253100,17.621300,-20.390900
0.170800,4.857800,-22.257400
-0.780900,1.940500,-22.622700
-0.819900,1.871200,-13.251500
-1.556900,-7.205600,-4.108200
-1.642100,-6.418900,4.817800
-2.298800,-8.631600,10.081700
-3.488300,-8.888800,9.928800
-3.806900,-14.461100,12.219300
-0.656500,-15.234800,12.565100
-0.689000,-12.873300,12.502300
-2.174900,1.870600,12.439800
0.161800,4.139500,12.377600
3.618800,14.964000,12.315700
3.581600,19.150100,-5.258300
3.413600,15.570300,-14.926200
4.454600,15.645000,-17.515800
3.867500,11.136700,-21.019500
2.256300,-4.794900,-15.278500
2.600100,-4.551700,-7.457200
2.563300,-5.329600,4.995700
3.079500,-1.309000,12.210400
2.139500,-3.425700,12.020700
3.322700,15.195800,-20.641800
3.213100,6.922200,-21.234500
2.734800,-1.238600,-16.602900
3.057100,-5.424200,-3.544200
3.358700,-7.070000,7.888300
0.670600,-7.256200,10.527400
1.344000,-10.863600,11.280200
1.570800,-10.244500,12.676900
1.026800,-6.866600,12.613500
-2.033400,2.966800,12.550400
-2.523700,7.339200,12.487700
0.055500,13.310100,12.425200
-0.290400,19.150600,-4.255600
-1.675800,18.888600,-15.306000
0.169900,16.313400,-19.311600
0.226200,2.364900,-21.884100
-0.618500,1.328400,-19.181900
-0.644000,-4.230800,-8.917500
-1.320000,-5.248600,3.511700
-2.030700,-6.556900,10.059500
-3.109600,-8.351900,9.301400
-2.753200,-10.390500,11.166100
-1.057000,-16.377200,12.637200
-1.733300,-9.599000,12.574000
-2.577800,4.818800,12.511200
1.507700,6.305500,12.448600
3.206500,10.639700,3.584000
2.091800,19.055300,-12.388400
2.548500,15.426500,-17.042500
2.199700,14.069700,-19.981400
3.585200,7.891600,-21.690200
2.621200,0.224000,-17.907100
2.558000,-6.401900,-7.832600
2.850300,-5.183200,4.179000
2.245000,-7.268600,10.651900
0.322600,-11.188100,10.076700
1.441000,-13.865600,12.728100
1.915200,-3.296500,12.664500
-2.779500,-6.382800,12.601100
-0.106100,2.852500,12.538100
0.156600,19.025600,0.658500
-0.907000,17.293900,-12.830400
-1.112200,18.751700,-19.064700
-0.427500,11.425400,-21.738400
-1.049700,4.202400,-21.992000
-0.784700,-3.234600,-16.703600
-0.766500,-4.247900,-5.503200
-0.886600,-9.383600,5.579200
-1.732900,-8.626500,10.751100
-3.046800,-7.101100,9.672700
-2.419100,-15.713700,11.709500
-0.779400,-14.772500,12.772800
-3.044200,-10.769000,12.708900
-0.610200,0.568600,12.645300
3.541800,9.414000,11.753400
3.104600,11.411600,-8.344400
2.843700,18.934400,-15.983200
3.751700,16.743200,-18.767700
3.296800,6.612600,-21.571700
2.560700,1.877800,-17.205300
2.118900,-4.267900,-4.296100
3.149700,-4.990100,6.973300
2.390500,-8.482500,10.620300
-0.667000,-11.447500,10.450400
1.523900,-9.522000,12.814000
-3.838400,-2.906700,12.749900
-1.991400,-4.462600,12.686200
-0.925700,9.259900,11.929900
-2.000600,18.897700,-9.782100
-1.537900,8.277900,-17.563900
-0.424400,8.682100,-20.786100
-1.339800,-2.904800,-21.144500
-1.156700,-6.567300,-13.150900
-1.475100,-8.829300,-0.710000
-1.951400,-8.692200,8.968700
-3.331000,-10.081000,9.877100
-2.952100,-15.418700,10.931000
-1.307400,-11.850400,12.829900
-1.636800,-12.141500,12.765700
-2.987000,-6.120800,12.701900
-1.206200,-2.201000,12.638400
2.186100,7.125300,12.575200
3.068800,15.156300,7.127200
3.101200,19.031000,-8.219500
2.830700,18.695700,-15.646800
3.588600,17.022300,-18.647500
2.217100,11.046300,-21.015900
2.084500,3.355800,-20.493800
1.466400,-4.665600,-14.259800
0.334300,-6.222200,-2.416200
2.803800,-6.999000,7.616500
1.941400,-6.477900,10.852800
1.672000,-12.205300,10.286100
0.593600,-12.923500,12.836400
0.833700,-9.880100,12.772200
-4.086700,-1.401900,12.708400
-2.252700,4.305400,12.644800
-0.988000,5.246600,4.122400
-2.212700,4.064600,-13.825900
0.129000,0.174200,-18.253500
-0.548500,-5.658000,-21.381800
-0.507600,-11.863700,-15.071800
-0.764800,-13.436800,-1.060400
-1.273300,-11.344000,9.897400
-3.085200,-11.289700,9.535700
-2.731400,-13.478100,10.646200
-0.625400,-6.962100,12.758600
-3.022000,-0.219100,12.694800
-0.133000,-5.322500,12.631300
3.540000,0.521200,11.651300
2.640500,19.315400,-10.945800
3.084900,6.968200,-16.536500
3.090900,-0.909200,-19.823500
2.553600,5.598600,-20.622800
0.298400,-5.033900,-11.721500
2.057900,-6.300300,2.899900
2.312200,-7.334100,10.463500
1.292600,-10.466800,9.133900
1.881900,-11.651300,12.795600
-1.065800,-12.338900,12.731700
-3.724800,16.331200,12.668000
-0.586700,10.921100,12.604700
-0.474200,2.899900,-7.198900
-3.505400,19.275400,-15.730000
-0.068200,4.111700,-20.665200
-1.159300,-7.895600,-20.447500
-1.925600,-8.983300,-6.302000
-1.270200,-5.478200,7.484400
-2.136000,-8.651300,9.510700
-2.864100,-11.899000,9.182000
0.000300,-10.864800,12.762500
-3.014200,-1.645300,12.698700
-1.414400,3.288700,12.635200
3.570800,12.661400,12.572000
3.905700,18.877400,-4.598200
2.718500,19.261400,-14.920000
3.705700,16.689700,-17.235600
3.999400,8.918600,-21.446000
2.552000,6.009600,-19.699200
0.780500,-6.533800,-11.014600
1.746500,-7.916700,0.278900
3.544100,-2.462800,8.568100
3.466800,-8.546300,11.463500
1.902900,-9.981100,9.912100
2.486800,-14.089600,11.318500
2.312300,-16.264000,12.746000
0.306100,-11.619100,12.682300
-2.919700,-5.937100,12.618800
-5.557400,5.495500,12.555800
0.011000,12.824500,12.493000
-0.999500,19.332200,-8.339500
-4.449900,17.796800,-16.345400
-0.991300,10.611100,-20.071700
-1.382000,-1.681300,-21.639500
-1.456100,-4.527800,-10.864800
-2.797600,-8.294200,4.031100
-2.380900,-10.559500,9.808900
-3.172100,-14.445900,8.596900
-0.858900,-14.752500,12.704600
-2.813500,-9.255000,12.641100
-1.329100,3.876600,12.577900
3.620000,14.866900,12.079500
3.184800,18.433800,-9.125600
2.139400,18.494200,-15.669100
3.413200,15.761300,-18.760200
3.272200,9.074300,-21.302100
2.643400,2.301600,-17.692500
1.362400,-4.973400,-6.234500
2.985600,-8.389700,5.302000
3.354400,-3.228900,10.861300
1.941100,-8.867800,9.236600
2.605800,-17.125900,12.771500
-0.030900,-11.442500,12.707700
-4.267800,0.036600,12.644100
-1.606100,8.515300,12.580900
-0.978500,12.733600,-1.877400
-2.250900,11.971700,-15.515700
-0.600100,1.962600,-18.829200
-1.028400,-4.903200,-22.316700
-5.205500,-9.144300,-11.955700
-1.607300,-12.251400,2.450000
-1.411000,-8.863400,10.533000
-2.993500,-12.324500,9.083900
-0.764600,-15.613500,12.760200
0.028000,-12.275400,12.696400
-2.905700,-2.462600,12.632900
-0.024400,4.844200,12.569700
3.712400,12.746000,8.232300
2.616700,16.766800,-10.904200
2.625000,18.050800,-16.430800
3.021800,13.699700,-19.584800
2.587300,7.861800,-21.121700
2.040500,-0.563400,-14.593700
2.661800,-5.424400,-1.740500
3.041700,-5.192300,8.872700
1.534700,-7.871100,10.217700
1.846400,-13.305600,10.700400
1.143700,-10.529600,12.738600
-1.473800,-7.810300,12.674900
-4.793200,3.024000,12.611600
-3.101100,14.931200,12.548500
-0.724000,17.980700,-7.059400
-2.605400,19.184200,-16.441900
-0.793200,11.579900,-19.216900
-0.553300,5.657400,-22.507200
-1.305900,-3.131000,-17.337800
-1.335100,-7.607400,-4.840200
-1.457100,-8.903900,5.821900
-2.388800,-9.586200,10.227600
-3.051200,-12.493200,9.402000
-1.551300,-15.817100,12.795500
-0.664200,-12.058500,12.731500
-2.615000,-4.813400,12.667900
-1.639200,3.668100,12.604500
2.360600,10.334200,12.541500
3.781000,16.140100,1.638900
2.346600,19.176400,-11.823900
2.680400,17.462400,-16.242600
3.427200,14.403500,-19.547600
2.926300,6.605600,-21.623200
2.044200,1.101100,-15.188100
1.850500,-7.726400,-1.676600
3.221000,-9.208200,8.545500
2.711600,-8.523500,10.399700
2.235800,-14.338400,10.138000
2.243700,-10.880400,12.755700
1.758200,-3.197900,-10.437300
-5.056600,1.553200,12.744100
-2.719700,7.124200,12.680400
-0.268300,14.590400,7.758600
-1.146300,19.082700,-9.809900
-1.531400,18.987300,-17.215000
-1.047100,15.978500,-19.218900
-0.708200,12.376500,-21.477200
-0.509300,6.762100,-23.145200
-1.355100,-0.647200,-21.013400
-2.525500,-6.673100,-13.235000
-2.958500,-8.446100,-2.986000
-1.661700,-9.809800,5.426700
-2.029900,-8.693200,10.101400
-2.989600,-11.442600,10.055600
-1.818900,-12.112300,10.570100
-0.315600,-13.352800,13.037900
-1.379300,-8.257800,12.972700
-2.563900,0.734200,12.907900
1.533400,7.562700,12.843300
3.742000,16.318300,5.358900
2.822500,16.127100,-11.389700
2.515300,17.207000,-15.660400
3.670400,15.100100,-18.851600
3.630600,7.820700,-21.383500
2.411400,-0.080100,-19.150900
1.029100,-6.814200,-10.912200
1.743600,-8.295700,-0.036300
3.052700,-8.359100,8.969400
2.596600,-7.023300,11.519700
2.269000,-13.527200,10.685200
2.400700,-13.147400,13.083400
1.061300,-11.389700,13.018000
-3.412200,-2.656100,12.952900
-3.171100,8.883900,12.888100
-0.217000,14.983000,12.823700
-0.537600,18.110900,-6.645000
-1.442900,18.856200,-15.660200
-0.208400,10.681600,-18.710800
-0.514700,4.420400,-22.008300
-1.308100,0.390000,-15.626100
-1.899700,-7.066100,-2.643800
1.948900,-10.281300,12.377800
-2.488600,-7.637100,9.854300
-2.328400,-10.024900,10.598500
-0.438900,-9.838900,13.001900
-1.573400,-7.473400,12.936900
-1.839600,4.233800,12.872200
3.185900,12.295900,12.807800
3.582200,17.331700,-4.968800
2.811300,11.730700,-15.136200
3.841000,14.810500,-17.581800
2.637400,6.653200,-18.547200
2.333500,-2.497600,-16.750600
2.259900,-3.600400,-4.701600
2.927800,-5.986900,6.650900
2.746300,-9.138300,11.219300
1.729300,-10.515300,10.295800
1.632500,-16.158200,12.322300
1.719700,-15.255300,12.929800
-1.799200,-8.048900,12.865100
-4.023100,4.638200,12.800800
-0.316400,16.577800,12.736800
-0.300500,18.860700,-3.633500
-1.502500,18.383300,-15.073000
-0.277200,16.087100,-18.088400
-0.657100,2.723600,-21.510600
-1.273400,-4.544000,-17.666400
-0.661800,-6.496800,-6.132300
-1.208900,-8.711600,6.039900
-3.040200,-8.899200,10.082400
-3.358600,-9.815000,9.917600
-2.055000,-16.085800,12.953400
-1.337000,-12.514200,12.888700
-3.444000,-2.819400,12.824200
0.157300,7.725400,12.760100
3.285400,12.891300,7.983200
2.277700,17.021000,-9.698400
2.690500,16.947900,-16.181800
3.951900,14.070200,-18.955800
2.690600,8.685600,-20.746000
2.589000,-1.345100,-18.735800
2.680900,-8.189600,-8.244900
2.691300,-9.218700,4.242900
1.395800,-8.298000,10.715500
0.018500,-11.978800,10.194900
1.784300,-14.776200,12.993400
0.564800,-10.996700,12.928500
-3.398700,-4.228700,12.863800
-2.571400,6.242100,12.799500
-0.158800,15.678700,10.338700
-1.416300,18.778700,-9.222900
-1.192400,18.684800,-16.831200
0.102800,15.327200,-19.716300
-0.302800,6.438100,-22.420200
-1.094800,-0.033100,-20.466000
-1.530200,-8.182900,-11.810900
-1.789500,-7.977600,-0.015300
-2.257100,-7.925800,8.964100
-4.328600,-9.980800,9.963000
-3.208400,-11.203500,10.852100
-2.060400,-16.669000,13.037300
-1.168400,-14.960400,12.972100
-2.706800,-8.348900,12.907300
-0.839200,-1.444000,12.842700
2.439300,4.604200,12.778500
3.199200,13.617700,4.672500
2.587400,16.202000,-10.709600
3.372800,14.033400,-16.263400
3.873100,12.581100,-18.684300
2.871900,4.351500,-20.878600
2.278400,-7.485400,-15.078700
2.028800,-6.666300,-2.022900
2.852700,-10.562700,9.576000
1.339500,-12.749900,9.623400
0.830000,-7.374400,12.718600
1.285700,-10.068400,12.949900
-2.726600,-3.576700,12.885100
-1.540500,10.563100,12.820700
-0.617700,14.294500,4.917000
-2.473400,16.413100,-13.240200
-0.707100,15.194300,-17.332400
-0.896600,6.527400,-19.345200
-1.518900,2.393600,-20.173100
-1.358700,2.955900,-10.332700
-2.088300,-9.400600,-1.532900
-1.627500,-9.575200,7.930700
-2.768000,-7.728200,10.305000
-3.240300,-13.928300,9.984200
-3.271700,-5.053400,13.000700
-1.668300,-8.466800,12.935700
-3.054000,-3.489200,12.871000
0.519200,0.958300,12.806600
1.157600,-6.238500,12.742600
2.045400,11.451100,-11.620400
3.393600,10.972000,-16.159200
3.469500,9.172800,-19.562400
0.664000,-0.193200,-19.807800
1.575800,-7.474800,-9.800000
2.251800,-9.007900,2.900600
1.601900,-12.499300,10.926500
-2.409600,-13.475800,10.507200
1.463000,-13.260600,12.942000
-2.002100,-11.740700,12.877300
-3.591100,-0.824800,12.812900
0.020400,17.614500,12.748800
-1.864600,14.609600,-8.273200
-1.500200,12.708800,-16.491500
-1.016100,7.936300,-20.038400
-1.547200,-0.153300,-20.622100
-1.186800,-8.505100,-11.785200
-2.524900,-8.667500,1.454400
-3.470300,-9.277100,9.756800
-4.389500,-14.359000,9.045500
-2.780400,-15.393000,12.969800
-2.359000,-7.771300,12.905000
-2.042200,-2.165700,12.840500
2.653100,7.201000,12.776300
3.261800,12.557800,-3.403500
3.369400,4.897900,-14.989600
4.396300,16.393000,-17.557400
3.711900,7.634400,-19.795500
2.613800,-2.453100,-17.156200
2.870000,-5.333800,-6.232300
3.001000,-9.610900,5.583000
1.594300,-7.885200,10.986000
-0.315300,-12.747700,9.885000
1.008800,-9.669400,12.975800
0.308000,-7.767000,12.910900
-2.636600,-4.720800,12.846400
-1.162700,2.735500,12.782100
-0.234600,3.768000,7.704900
-1.791900,19.091200,-11.936600
-0.665300,14.703900,-17.608100
-1.029000,8.870500,-20.527500
-1.317000,0.397300,-20.055500
-1.241300,-11.334000,-9.941600
-1.385200,-9.740200,2.678600
-2.710400,-8.659700,10.117000
-4.195800,-12.474500,8.462700
-1.987200,-14.661800,12.973700
-6.633700,-17.529100,12.908900
-3.054600,13.690600,12.844300
2.386900,-1.965300,12.358900
2.155700,3.947300,-10.287000
2.926600,17.596700,-14.889700
2.504500,5.152600,-19.095200
2.551500,-8.022800,-14.841300
2.410100,-10.363300,-0.473600
0.815700,-15.616200,10.579000
-1.476100,-8.751200,10.857300
0.926200,-15.875600,12.909100
-1.242200,-5.923300,12.844500
-5.580300,-10.995800,12.780300
-0.276300,-11.891600,12.716400
-0.322600,0.588300,1.810600
-1.302800,16.616100,-13.414200
-0.564700,16.699800,-19.092700
-0.266400,12.696200,-19.817000
-0.679700,4.682900,-21.517100
-0.635800,-1.360100,-16.567200
-0.911400,-7.806600,-6.492200
-1.786200,-10.343600,4.690500
-2.663800,-8.578500,10.484100
-4.325700,-14.676700,10.386400
-2.786100,-14.033800,13.000500
-2.757900,-14.135200,12.935500
-3.644900,-12.000800,12.870800
1.658900,-4.174500,12.806400
1.874600,16.543200,-6.576400
3.052000,9.833200,-14.912700
3.172600,6.149900,-17.802700
2.603900,5.268400,-18.423800
2.719500,-3.985100,-15.281400
2.200700,-3.700700,-2.915600
2.983300,-8.734200,6.573900
1.838800,-9.353000,11.795700
1.298200,-14.820600,11.021800
2.090000,-14.589200,12.975000
-0.358300,-9.855100,12.910100
-2.761000,-1.284000,12.845600
-0.731100,11.626600,12.781300
0.142300,17.101900,7.949600
-0.358800,19.711000,-7.901700
-1.143400,19.612400,-16.198100
-1.202000,18.547500,-19.103000
-0.833800,14.977900,-21.681300
-0.133800,7.777700,-22.628600
-0.714600,-0.518500,-20.837800
-1.592700,-8.146400,-11.184700
-1.761100,-8.994500,1.689600
-2.271800,-8.101200,10.641400
-3.294700,-8.365700,9.296600
-2.530000,-12.472800,12.448100
-0.608500,-8.304400,13.105000
-3.133900,-10.362400,13.039500
0.723300,-2.041400,12.974300
3.955800,16.578000,3.203800
2.999500,9.727300,-13.388600
3.685100,8.582400,-16.607900
3.530900,2.415100,-20.287700
2.133400,-6.230700,-15.999200
2.001200,-6.521300,-0.679700
3.261400,-7.823200,8.739100
2.880500,-6.149300,11.085600
1.543500,-11.661500,11.232800
1.516700,3.643500,13.072900
-1.989200,-1.927200,13.007500
-2.856200,-4.138600,12.942500
0.737400,-4.587300,9.036900
-1.175100,11.738000,-11.666900
-0.671200,3.898700,-17.585200
0.040000,-0.040900,-21.152900
-1.278100,0.359600,-20.997100
-1.877000,-8.271200,-11.305100
-2.210700,-8.098700,3.266500
-2.371300,-7.119300,10.937900
-3.746300,-9.369100,9.153100
-2.447900,-13.037400,13.129300
-4.523200,-17.874100,13.063700
1.192500,-9.184400,-17.344300
3.552900,0.655900,9.484900
2.200600,7.484800,-10.844600
3.881600,1.029800,-14.415000
3.078200,-11.850900,-19.333000
2.278700,-17.537200,-15.816700
2.131500,10.989800,-3.195600
3.233700,-10.348200,7.987300
1.752000,-7.003000,11.002400
1.373900,-9.851500,11.316800
0.868900,-11.139100,13.204200
-1.389800,2.752500,13.138200
-3.839700,3.027100,13.072500
-1.899800,10.718700,13.007100
-0.203100,17.311400,5.915100
-1.069500,20.038700,-9.861700
-0.947400,19.938500,-16.711300
0.275100,15.087600,-18.701000
0.249900,10.548700,-21.734000
-1.207400,1.678700,-19.914300
-1.599400,-6.274800,-12.846700
-1.708100,-7.556500,-2.585400
-1.749600,-8.686400,6.471100
-2.882400,-9.272100,10.430400
-3.432700,-9.702300,10.540300
-2.355100,-13.121100,11.073800
-2.300400,-15.350400,13.231700
-0.823400,-15.893200,13.165500
-0.130600,-14.584100,13.099700
-0.668500,-11.954200,13.034200
-2.242700,-6.768500,12.969000
-1.771600,0.104700,12.904200
0.865800,6.497900,12.839700
3.697300,9.966100,12.775500
4.498600,18.862200,-2.758500
3.208300,20.088100,-13.659100
3.413900,15.679100,-17.112900
3.947300,12.178700,-19.684500
3.331800,5.778900,-21.919000
2.459600,-0.660400,-18.251600
1.827700,-7.598900,-6.438100
2.414400,-7.703900,4.186700
2.349900,-7.860800,10.681000
1.327700,-7.128000,11.166200
2.031200,-12.034800,12.051700
2.047300,-12.294000,13.020300
1.994100,-10.252200,12.955200
1.421800,-6.273700,12.890400
-0.606200,-5.236700,12.826000
-2.276000,-4.359700,12.761800
-3.458600,-1.766600,12.698000
-2.964700,6.065700,12.634500
-2.523300,8.194400,12.571300
-0.325400,12.974400,12.508500
-0.118800,19.069700,2.521200
-0.754500,20.036600,-9.249400
-1.098700,19.936400,-16.590600
-0.685700,17.454300,-18.356900
-0.360500,15.043500,-21.155700
0.065500,8.932000,-22.730000
-0.840400,1.190200,-21.920500
-1.646500,-4.294400,-16.175000
-1.211700,-7.111200,-6.466600
-2.244600,-8.352900,2.816700
-2.497900,-7.460400,8.514800
-2.697500,-9.470100,10.724200
-2.891300,-12.003600,9.629200
-2.674300,-15.055900,11.928300
-0.585300,-15.080700,12.878500
-1.225800,-11.542700,12.814100
-3.374000,-3.227700,12.750000
-0.673800,4.094800,12.686300
3.530900,9.159800,12.622900
4.356800,17.423600,-3.956500
3.110200,17.379400,-15.151400
2.956400,16.754000,-17.637400
3.720900,10.953300,-20.018000
2.908700,3.584900,-21.080900
2.486700,-2.500200,-14.691400
2.321700,-7.620800,-2.657400
2.627100,-6.569900,8.224900
1.031600,-7.528400,10.781300
1.429200,-13.603300,10.105400
2.134500,-14.810200,12.890100
0.851300,-6.853000,12.825700
-2.908600,-2.024100,12.761600
-1.986100,8.776500,12.697800
0.225700,17.063700,10.942900
-0.147200,19.873200,-7.802000
-1.171100,19.773800,-16.261000
-0.266900,14.635400,-18.460200
0.335000,10.499200,-21.456300
-0.941600,3.090200,-22.161700
-1.637500,-4.596300,-13.915200
-1.341000,-7.092200,0.655200
-2.561500,-10.219000,10.298500
-3.952300,-7.253400,9.246200
-2.857800,-14.340100,12.183500
-1.690100,-11.852000,12.917900
-3.538100,-6.349900,12.853300
-1.706900,0.259100,12.789100
2.767500,12.947500,12.725100
4.085700,18.337600,-0.404100
2.611700,18.443700,-13.847300
3.516100,11.199900,-17.524200
3.558100,10.109700,-20.301000
2.622800,-3.431300,-18.845900
1.470600,-8.716400,-7.329700
2.554700,-7.860200,5.222700
1.762600,-9.050500,10.903900
0.791100,-12.448800,9.731800
-0.604600,-11.440500,12.923500
0.273000,-7.074700,12.858800
-3.908200,-3.471900,12.794600
-0.306900,6.590000,12.730600
-0.381700,3.044400,-1.046900
-1.078000,6.489400,-15.320900
-0.560200,6.485500,-18.852200
-0.988800,-3.887000,-21.720100
-1.915600,-12.003200,-14.243100
-0.871800,-14.057000,1.258300
-1.513200,-17.084600,10.727000
-2.830600,-8.351200,10.134800
-2.833200,-8.764600,12.867600
-1.465400,-7.281400,12.847900
-2.885500,-5.486300,12.783700
-1.667700,5.105200,12.719700
2.294100,11.807000,12.656100
3.052400,17.922400,-4.142700
1.836100,16.562600,-15.033900
2.684800,17.585600,-17.615800
3.560200,11.876000,-20.146700
2.543900,6.350000,-19.819600
1.885400,-4.536600,-12.938400
1.289800,-7.368800,-0.555700
-2.450900,-15.122100,12.846900
-0.029400,-10.973900,10.180400
1.281400,-13.156700,12.055000
2.264000,-10.531500,12.868700
-0.773800,-5.519700,12.804400
-2.593000,0.017500,12.740400
-0.628300,15.240300,12.676700
-0.544100,18.219100,4.809400
-1.051400,19.807500,-8.783700
-0.860200,19.708500,-16.692000
-0.272100,16.951000,-19.892400
-0.349400,13.041500,-21.973400
1.849500,-8.299500,0.696700
-0.716700,-1.561700,-19.207500
-0.751300,-6.401000,-11.233200
-1.283700,-9.505100,0.471300
-4.518200,-7.427200,8.843000
-4.431300,-9.777900,9.778200
-3.472600,-15.357700,12.956000
-3.591100,-8.517900,12.914400
-3.363400,-1.028300,12.849800
-0.503600,4.558000,12.785600
2.482500,15.580600,11.556900
2.484400,16.189000,-9.643200
2.462400,14.182600,-15.276200
3.491500,6.922000,-17.847400
2.137100,2.543100,-18.668400
2.329000,-4.699800,-12.720000
1.816900,-8.451000,-1.551400
2.868300,-6.709600,9.630500
0.947500,-8.859000,10.349700
0.995200,-14.069300,10.097700
1.676600,-15.150000,12.892000
0.000000,-7.703400,12.827600
-2.752400,1.814800,12.763400
-2.543200,10.391900,12.699600
0.105200,18.428000,1.353000
-2.037700,18.955400,-14.122100
-0.044800,14.044500,-16.956400
-0.094700,6.584500,-21.113500
-3.084900,-1.667600,-18.319800
-0.510100,-6.065500,-4.728300
-2.537900,-10.367600,7.170100
-3.395000,-8.881100,9.679300
-4.784000,-13.133300,10.038400
-1.912400,-10.749000,12.871100
-3.173000,-4.539800,12.806700
-1.162500,3.065700,12.742700
3.144700,9.277300,12.679000
2.406900,18.448500,-7.982800
2.518800,17.160000,-15.880800
4.362600,11.319100,-18.587200
0.647100,6.398700,-20.934500
2.495500,-2.815100,-16.094700
1.629800,-7.929400,-3.048100
1.266600,-8.261500,8.918100
0.490600,-11.501600,9.791000
0.862300,-13.395800,11.567400
-0.614800,-9.544600,12.876900
-2.627800,-7.344900,12.812500
-0.846400,-0.066200,12.748400
-0.251200,2.171900,5.426500
-1.339000,15.970700,-12.697500
-0.986700,7.133200,-18.617800
-0.274000,10.936600,-21.413000
-3.277700,-0.132500,-20.204900
-0.668500,-13.293400,-12.242200
-1.113200,-8.985100,-0.330100
-2.542200,-6.831200,8.708000
-4.209600,-10.864900,10.018000
-2.970800,-15.571900,11.536000
-1.690500,-11.202200,12.933800
-3.357400,-7.483400,12.869100
-1.846400,-1.200000,12.804700
2.983700,2.614100,10.255800
2.249100,14.225500,-9.989400
2.542900,5.978100,-16.316500
3.526300,10.190100,-18.927700
-1.474300,18.158100,-8.211900
1.678700,-9.068500,-8.847600
1.029300,-12.347500,5.006400
-3.584700,-14.711700,12.975900
0.265200,-15.324400,9.973300
2.353800,-18.448200,12.861100
-0.188800,-11.225900,12.796800
-2.253900,5.030100,12.732800
-0.097900,13.788900,12.669200
-0.030700,19.982000,-1.200900
-1.739200,18.717400,-14.988000
-0.117200,11.291200,-18.804600
-0.223800,8.344100,-21.115000
-0.666000,-2.016200,-18.347600
-0.464800,-5.900000,-6.414500
-0.631700,-8.399000,4.989400
-2.816200,-8.435600,10.059500
-4.267700,-12.756800,10.202200
-2.823700,-13.729600,12.883900
-1.587000,-11.866500,12.819500
-2.889800,-5.306300,12.755400
-1.755300,-0.413500,12.691600
0.965400,4.850300,12.628200
2.745500,13.290600,11.321700
3.706400,17.759100,-3.559800
2.629800,19.846000,-13.748600
3.140900,19.755700,-17.318800
4.819600,15.670700,-18.800200
3.742200,10.433100,-20.739000
2.612900,3.334200,-20.578100
2.628500,-2.747300,-16.338200
3.122900,-8.274100,-6.695800
2.042100,-8.201800,2.643500
2.534700,-9.016300,9.529200
1.475900,-9.076100,10.380000
1.323100,-13.553700,10.306600
2.908400,-15.285100,12.933000
-1.338500,-4.883000,12.868400
-3.366900,3.439200,12.804000
0.031500,6.250700,12.740000
-0.230800,18.268100,-1.714300
1.798300,-14.204000,12.684900
-0.569900,15.078300,-19.291700
-0.192900,10.541900,-21.461500
-0.990200,0.961800,-20.424800
-0.954300,-5.370000,-12.494400
-1.180700,-7.566600,-0.728800
-2.587900,-7.342900,8.287500
-4.295600,-9.882200,9.652100
-3.263700,-14.251000,10.592800
-1.777000,-14.687300,12.850800
-1.560800,-7.333700,12.786500
-3.111500,-3.114700,12.722600
2.053800,-4.269200,12.659000
3.232700,11.597000,-1.351700
3.252300,15.411400,-15.028400
4.792100,13.342100,-18.153600
3.645800,5.258900,-20.357700
3.055600,-6.923300,-15.392200
1.570000,-8.473400,-1.929600
2.191200,-9.894300,9.366100
0.385900,-12.849800,10.143800
0.581700,-14.136800,12.859200
0.416800,-8.749500,12.794900
-2.842900,-1.790200,12.730900
-3.567500,8.539800,12.667300
0.084500,8.058600,1.578200
-3.912300,-3.875500,12.596100
0.191800,11.609900,-18.457800
-1.675100,2.117300,-20.994000
-0.861200,-5.299800,-14.688400
-1.652800,-8.166300,-0.819500
-2.273700,-7.107900,8.869300
1.376600,9.349200,12.763500
-3.565600,-14.799600,12.699700
-2.711300,-10.834100,12.636200
-2.626300,-6.983800,12.573000
2.300700,3.555600,12.510200
0.642500,4.817500,-6.592300
-0.537900,0.754200,-15.548200
-5.549200,1.503400,12.558300
-3.338500,-9.525700,-17.811400
-3.636400,-11.963500,-3.397900
-0.834800,-10.914800,9.225400
-0.995100,-11.954000,8.776500
-1.333300,-13.891200,12.511600
-5.682800,-10.473600,12.449000
-3.395300,-1.096400,12.386800
-2.887400,0.305600,12.324800
-3.259000,2.973100,-7.558400
-0.862100,7.152400,-17.026500
-0.076100,5.407900,-19.605700
-0.812100,-2.097100,-20.839700
-2.545300,-12.984300,-13.200400
-0.971600,-9.237500,0.215500
-0.749900,-12.558600,10.080200
-2.888500,-8.906900,10.103700
2.354300,-7.520700,-4.571600
2.340200,19.218900,-12.617700
-4.077200,-6.912000,12.638300
-1.745200,2.912100,12.575100
3.491900,12.229600,12.512200
1.317800,9.511300,-10.188700
0.243600,3.627700,-15.675900
2.003400,-1.097000,-19.403200
-2.231700,-9.587000,-17.163900
1.523200,-12.794300,-2.305600
-0.035800,-10.981200,9.442500
-1.410600,-12.620600,8.828100
1.315500,-11.623400,12.344200
0.906200,-7.790500,12.620300
-1.807900,-2.161000,12.557200
-2.282600,8.621200,12.494400
0.741000,13.346600,12.431900
0.082000,20.338400,-7.649600
-0.611900,20.615600,-16.523900
-1.838500,15.408100,-19.270000
-0.482900,10.438600,-21.940300
-0.983300,-0.837700,-19.547700
-0.089500,-8.552200,-5.942900
-0.429800,-13.156400,7.155500
-2.212600,-7.876500,10.165200
-3.395400,-11.078000,9.075400
-1.629300,-9.933600,12.692200
-3.182100,-5.994800,12.628700
-0.845100,-7.084900,12.565600
2.073600,0.116400,7.077100
2.525600,10.150800,-12.501600
3.366100,12.516500,-16.421200
2.091000,14.570000,-19.820700
2.240200,7.743600,-21.249100
2.779500,-5.011000,-16.159900
2.205600,-5.531700,-2.822200
3.317000,-7.117300,8.952200
1.932500,-9.295600,11.252300
1.691700,-9.258700,10.090400
1.592700,-12.670200,12.520600
1.675300,-12.258900,12.698100
1.104500,-9.316500,12.634600
-7.770700,-2.116000,12.571500
-10.269800,4.736300,12.508600
-3.579300,11.201600,12.446100
-2.238800,19.300400,3.450400
-1.000300,20.668900,-11.718200
-0.840400,20.565500,-17.607700
0.236100,17.587000,-20.210200
-1.178200,10.287900,-21.786800
-2.042100,1.662300,-20.002500
-0.890400,-4.970900,-13.234800
-0.964600,-7.109800,-4.563400
-2.994900,-8.070400,3.375900
-2.179200,-8.439900,8.275200
-3.426600,-7.792400,10.373800
-3.542900,-11.201700,10.298100
-1.969100,-14.798900,12.002900
-1.449300,-15.254000,12.690600
-1.451500,-13.114000,12.627100
-1.611100,-10.434200,12.564000
-2.456200,-4.758100,12.501200
-0.847200,1.221000,12.438700
2.657700,8.900200,12.376500
3.712000,16.824600,4.229500
2.871300,19.052000,-11.176600
3.593300,15.339300,-16.549300
4.833600,15.708200,-18.937700
2.771900,3.085300,-20.458700
3.208400,-4.729800,-14.227300
0.058700,-6.989100,-1.518800
2.522500,-7.838300,9.267300
0.353200,-10.301300,9.640300
1.340400,-13.335800,11.062500
2.413200,-12.389800,12.557900
0.015700,-6.196300,12.495100
-3.585100,-1.987800,12.432700
-1.281900,7.030000,12.370500
-0.551000,15.948000,8.358200
-1.477700,20.648000,-9.151300
-0.776800,18.812900,-16.633600
-0.208100,17.644100,-19.770000
-0.014100,13.662000,-21.639500
-0.921900,7.202400,-21.316800
-0.631400,-3.199900,-17.278200
-0.466200,-6.701300,-7.907500
-0.187400,20.307700,-8.642400
-1.837900,-8.327800,9.106800
-2.955900,-9.442000,10.929600
-4.108800,-10.893700,10.958300
-2.877700,-14.416200,11.995000
-0.568400,-14.460800,12.663600
-0.620400,-7.849500,12.600300
-2.843000,-5.007800,12.537300
-0.917600,1.520600,12.474600
3.147700,12.853900,12.412200
3.644300,18.968900,-4.630800
3.442600,19.191000,-16.015300
4.080700,16.518900,-17.796400
4.322400,13.541000,-20.300100
2.921000,4.946700,-20.267700
1.676800,-4.464800,-12.295200
2.087800,-7.836000,0.744300
-0.019700,-9.109800,10.117900
-2.362100,-15.188700,8.156100
0.521200,-15.143800,12.711600
-5.055300,-12.318000,12.648000
-5.613900,0.983800,12.584800
-1.403600,15.219900,0.118700
-2.459400,13.292200,-14.861700
-1.860900,8.445400,-18.697900
-1.098500,1.625800,-20.148700
-1.929500,-11.934700,-8.790400
-2.210600,-12.373100,5.477900
-7.351700,-12.258800,8.667600
-3.911900,-15.753000,12.489600
-5.105300,-8.744400,12.700600
-1.643400,-3.925000,12.637100
0.750200,5.212100,6.893300
2.009500,5.805600,-12.398500
2.866900,2.728700,-16.714200
-1.484600,-6.364300,-18.718100
1.129800,-14.568300,-6.973900
2.072700,-14.998300,6.291700
1.483200,-15.914700,8.912500
1.733200,-18.284800,11.317800
-2.417200,-14.325700,12.680900
-5.913000,-8.170200,12.617500
-3.493200,3.545200,8.918400
-2.615500,6.932800,-12.189900
1.108000,10.198700,-18.105600
0.363700,5.217200,-21.029600
-0.767700,-6.893300,-14.030300
-0.084700,-10.883800,-0.529300
-2.243300,-6.923600,8.290600
-3.976500,-10.780500,9.016500
-2.128800,-14.000900,12.752700
-1.372200,-10.127600,12.688900
-3.526800,-2.987400,12.625500
1.449900,7.136500,12.562300
3.272900,15.801300,2.705800
2.641700,17.888400,-13.050100
4.270400,15.983100,-16.299700
3.610400,11.902100,-20.026300
3.294500,-0.237100,-18.060200
1.192800,-11.226500,-5.170600
1.468100,-9.916900,7.209000
0.231100,-11.392500,9.248500
-1.271400,-15.660700,11.399500
-0.736000,-8.845500,12.709700
-2.224100,-2.803200,12.646200
-1.488600,6.812100,12.583000
0.139400,18.509800,4.563700
-0.266500,19.568200,-12.150000
0.244800,15.836300,-17.751400
0.803600,12.752100,-20.274400
-4.285800,3.027400,-20.470900
-0.453900,-6.040900,-11.727700
-0.549300,-7.786100,0.539300
-1.873900,-7.780500,8.791500
-3.587500,-9.269100,9.259900
-2.554400,-13.869700,11.215300
-0.942600,-11.457800,12.760100
-2.186600,-4.110800,12.696300
-0.526600,2.222400,12.632800
3.481900,10.866500,12.489200
3.254800,14.303400,-8.687000
3.357700,16.886600,-16.064400
3.629300,11.480800,-18.019200
3.589700,8.887800,-20.076200
2.971200,-3.102800,-15.293100
2.858600,-7.410100,-3.792400
2.768100,-10.521100,6.342600
0.771500,-8.726500,10.340600
1.289600,-13.465600,10.622600
1.878900,-13.331600,12.780300
1.552500,-9.139900,12.716400
-3.192700,-1.029900,12.652800
-2.082900,8.617000,12.589600
0.243800,18.413500,2.273000
-1.644800,19.026800,-13.342600
0.532000,16.226900,-18.742600
0.438800,10.219200,-21.205900
-0.018600,-0.944100,-18.964600
0.386700,-6.973200,-7.226200
-0.999800,-7.048000,5.892800
-3.411200,-10.013000,9.397400
-2.834200,-14.254800,10.684900
-1.504600,-9.786800,12.782800
-3.882500,-5.014700,12.718900
1.363000,-0.380800,12.655300
3.396000,13.271200,-0.185300
2.657000,15.850000,-14.737600
4.807500,12.772900,-17.366300
2.781700,-1.181700,-19.888900
3.056200,-11.055900,-10.876900
2.564300,-9.149000,3.158800
1.674500,-10.454400,10.072900
0.889200,-14.439100,9.086000
3.227300,-14.555100,12.795700
-0.044000,-7.766900,12.731700
-3.089400,0.850900,12.668100
0.388700,11.046000,12.604700
0.644100,20.294200,-1.386600
-1.420500,20.478700,-15.156100
-0.827100,16.146400,-18.561900
0.406600,8.826000,-21.731500
-0.122000,-3.009400,-16.068000
0.166900,-12.038000,-0.602700
-2.443300,-12.716600,9.521100
-2.962600,-16.670800,8.873000
-1.482200,-13.696800,12.817300
-2.702000,-4.355900,12.753200
-1.535100,-0.020800,12.689400
3.529400,8.212700,12.626000
3.537900,15.182500,-6.701100
2.459800,9.918700,-16.092500
3.693800,6.602000,-19.217300
3.165400,-7.786500,-18.675600
3.497500,-13.350100,-5.770900
3.198800,-10.564300,7.209800
0.961800,-12.801600,9.583000
2.298700,-16.364600,10.709900
2.537400,-12.026600,12.757600
-0.761500,-0.854300,12.693800
-1.234300,4.824000,12.630300
0.714000,14.177100,12.567200
0.536500,20.662000,-5.670500
-0.977000,20.970400,-16.396900
-0.250100,18.907200,-20.347000
-0.687300,7.307400,-21.718000
-0.066700,-2.902400,-15.816200
-0.171200,-5.161300,-2.320600
-1.030600,-6.934700,8.171700
-3.260800,-9.952700,9.570200
-2.613000,-14.047100,10.430200
-1.067600,-14.360500,12.774800
-1.715200,-8.526500,12.711000
-2.686100,-0.526900,12.647400
1.164100,7.044300,12.584200
3.858200,13.185900,7.996400
3.248000,19.373100,-8.953600
2.571600,19.350100,-16.353500
3.550100,13.005000,-18.859700
3.024800,8.886500,-21.050700
3.193100,-1.128600,-18.214500
3.108100,-6.420500,-8.512600
3.011500,-7.332100,2.975700
2.260100,-8.336800,10.448300
1.031000,-11.671900,9.738400
2.615400,-12.809800,12.825200
1.856400,-9.919500,12.761100
-1.615400,-1.352900,12.697200
-1.321400,5.977000,12.633800
0.582100,16.072600,11.973000
0.319500,20.826900,-6.691200
-0.733100,19.844000,-16.940600
0.023600,17.245000,-19.298500
-1.053600,9.475800,-21.380200
-0.757600,-0.761500,-17.296000
-0.105600,-6.262500,-6.759800
-0.090800,-8.371200,2.987300
-2.015900,-8.105300,8.527200
-3.245000,-10.450200,10.202700
-3.555200,-12.204300,10.904800
-2.317300,-14.767000,11.617600
-2.010200,-14.743200,12.731400
-1.290000,-14.636100,12.667700
-0.432800,-12.346700,12.604400
-0.690400,-9.923400,12.541300
-2.309800,-4.178300,12.478600
-1.283100,1.113900,12.416200
2.309800,9.820700,12.354200
4.188000,16.587100,2.134100
3.061300,18.088900,-13.111400
4.015900,18.608500,-17.626100
3.995800,14.428600,-20.245100
2.031300,5.036300,-20.846800
2.783700,-3.379500,-14.391800
2.939000,-6.841900,-2.192500
1.544500,-5.601900,7.517400
0.819500,-8.121300,9.696100
1.768600,-14.593600,10.972600
2.539000,-12.680900,12.582900
0.538900,-9.243100,12.519900
-2.633300,-3.093900,12.457300
0.211000,7.971700,12.395100
0.836600,17.428300,5.730300
-0.659300,20.846000,-10.167100
-0.722800,19.243500,-17.782500
0.193600,19.047200,-20.879700
-0.558100,13.018100,-22.374300
-1.089100,2.887100,-21.237800
-0.773800,-3.409100,-15.834100
-0.719900,-6.949900,-5.364800
-1.016600,-6.896100,4.163200
-3.444600,-7.481200,9.516200
-3.846800,-10.765800,9.554400
-2.433500,-14.999000,11.379700
-1.341800,-14.549900,12.699600
-1.082500,-12.880500,12.636100
-1.653800,-10.252000,12.572900
-2.751200,-2.615500,12.510000
-0.845300,4.406100,12.447500
2.447500,10.346500,12.385200
3.498100,15.780500,7.147900
3.730800,19.910100,-7.834300
3.690700,16.336100,-16.204900
4.658900,18.558800,-18.833400
3.863500,9.984700,-20.817200
2.902800,3.114500,-19.969600
2.740600,-5.572900,-11.674500
2.753100,-9.829800,0.971100
2.265100,-10.366900,9.407000
0.266300,-9.504800,9.086000
2.192900,-14.483100,12.666900
0.022900,-11.119700,12.603600
-2.803500,-5.835700,12.540600
0.773100,1.802500,12.477900
0.461800,13.746900,-4.482100
-0.405500,17.343200,-17.061200
-0.062700,16.057900,-20.243100
-1.785300,6.953000,-21.576500
-0.851800,-4.799200,-14.467200
-0.716500,-8.866900,0.239400
-2.216600,-7.938500,9.060300
-3.942700,-11.575800,8.793300
-2.576600,-14.663600,12.714200
-2.787700,-11.930800,12.650600
-4.268000,-1.214100,12.587300
1.434600,5.054600,12.524400
2.997800,9.814500,1.228700
3.347400,10.954500,-15.058400
4.350600,8.063900,-18.593400
3.149300,2.337700,-20.986000
2.950000,-2.938200,-15.952900
2.732700,-8.285300,-3.459900
3.138500,18.081600,-12.855600
3.189500,19.025400,-17.824300
3.416600,14.488300,-20.184900
2.515400,4.342700,-20.703600
2.860300,-4.405700,-12.576400
2.898400,-7.455400,0.304900
1.926000,-7.413400,9.790300
0.913100,-9.554400,9.636500
0.312800,-12.266200,13.148000
1.967400,-10.856100,13.082200
-0.780600,-3.783700,13.016800
-1.989600,-0.619200,12.951700
0.401000,10.300700,12.887000
0.992400,20.617200,2.900100
-0.992900,20.514100,-12.199000
-0.387400,15.319600,-18.000300
-0.914500,-0.356500,-21.372900
-1.562900,-6.119300,-20.119800
-0.473200,-5.862300,-10.403600
-0.704400,-9.093000,2.550200
-2.464300,-8.151500,9.729500
-4.136800,-10.522400,10.012100
-2.819700,-14.065800,12.540500
-1.540200,-12.639500,13.044300
-2.802700,-5.207900,12.979100
-2.693300,-2.713000,12.914200
2.017100,3.313000,12.849700
4.261400,14.506200,2.748600
3.472700,14.738700,-13.362600
4.110700,12.453600,-16.257900
3.787500,5.623500,-20.122900
2.698600,-1.360800,-19.560000
2.542100,-12.258800,-7.525500
2.198100,-10.462600,4.939700
1.198200,-10.539000,10.338800
0.839500,-12.497600,9.372000
1.440600,-9.711300,13.032600
-1.838500,-7.439300,12.967400
-1.886500,-2.886300,12.902600
0.332000,4.958800,5.849200
-1.359200,6.249500,-13.616200
-2.992000,2.913000,-17.568300
-6.513500,-7.065100,-19.775300
-10.248500,-12.460800,-5.985900
-3.164900,-15.665600,7.880000
-8.989900,-15.291800,8.567400
-9.466800,-9.634200,13.011300
-8.080200,-11.788000,12.946200
-2.701800,-6.202800,12.881500
0.404900,-2.022900,2.882800
-2.044500,1.540400,-14.337200
1.857200,1.077500,-17.356300
-3.618800,2.973800,-17.372000
0.169300,-1.747600,-6.582900
2.358500,-8.656800,7.371700
-0.010200,-9.156900,9.574900
0.978900,-14.351400,11.543100
2.136900,-7.843100,12.938500
-1.481700,0.686900,12.873800
-1.114500,9.160000,12.809400
0.676000,14.280600,12.745400
-0.876400,21.181400,-6.324900
-0.350100,20.230100,-16.881200
-0.724900,15.127000,-20.504800
-0.914300,12.990000,-22.125200
-1.252800,2.275200,-20.129600
-0.746100,-4.656500,-12.570000
-0.585100,-9.921200,-0.294100
-2.669800,-5.489200,7.683500
-4.067200,-8.824200,9.646800
-4.163600,-13.772600,9.944100
-1.905100,-15.302700,13.039400
-3.096600,-9.831000,12.974200
-1.615600,-7.334500,12.909300
2.701000,19.695000,12.844800
3.759900,14.870900,-8.957000
3.362200,3.539000,-14.176300
5.216100,8.685400,-18.109000
4.894500,6.425800,-21.033000
6.083000,0.231100,-17.224500
4.684700,-4.612400,-8.037600
-1.062800,-2.177700,3.724800
-1.419700,-7.871900,7.466600
-2.604100,-5.866500,8.177600
-2.128800,-5.460600,6.704500
14.694200,2.263900,-0.728400
6.995000,1.137300,-12.273000
0.466300,7.584900,-22.027400
7.098300,21.005800,-20.425500
1.534200,20.900800,8.580600
-2.760600,0.057300,13.322300
-3.375900,-18.247200,13.255600
2.450800,-9.183800,-2.790700
2.312300,20.373800,-25.839900
-16.499100,17.397900,13.332500
-10.039600,-18.298900,13.265900
0.274400,2.680000,-17.336200
-3.885400,20.822400,7.059900
-5.415000,-14.781300,13.250900
7.294700,11.203400,-25.858500
-11.067400,-2.343000,13.314000
5.700200,-6.577900,-0.070900
-2.995400,8.570700,8.849200
-1.545900,-11.265800,9.183900
-6.004000,14.765800,5.351300
-10.318200,-8.955000,6.926000
-13.007100,6.126800,11.216600
-0.407300,3.255500,-11.638100
-15.115800,-16.456600,13.098300
-10.746000,5.680800,-8.883500
2.707600,-9.804100,10.034700
-7.698400,-6.344900,13.027000
0.142200,15.811000,-7.820000
0.210600,-2.693800,7.735100
-4.489800,-12.331600,12.962300
-12.641200,10.416600,-2.679800
1.274600,15.450000,-10.146800
1.027600,0.371400,4.705000
3.672400,-15.446700,11.678100
-2.441800,-10.245900,12.879700
-4.181100,2.759600,3.464900
-0.516500,13.655300,-5.829600
-3.950300,13.699100,-3.026600
-3.790000,14.719600,-1.488700
1.926800,12.808700,-5.904200
0.537400,8.369400,-3.627500
0.432300,5.651400,-2.074700
1.445300,4.669900,-2.357400
1.292700,5.916700,-2.436200
1.758100,6.642600,-2.145200
-6.014700,12.564600,1.780900
-1.990600,11.217300,2.363000
0.257000,8.611300,-5.045800
-0.225600,6.769100,0.210200
-0.577200,0.308200,6.259700
-4.206100,2.506200,12.643600
2.258700,-10.019700,-1.274700
5.900600,-7.515100,2.210900
-1.838000,9.849600,4.323200
-8.103400,5.475100,-0.543200
-4.130900,-2.385300,5.031100
1.830700,-6.403100,0.623500
4.571600,6.914400,5.832100
-3.706100,4.689800,2.971900
2.665600,-4.100900,1.782200
1.346400,-9.978400,0.348200
2.195100,0.630800,2.858200
3.452000,-4.667500,6.287400
4.545200,-11.562200,-2.363500
1.238600,-1.131000,0.705800
0.729600,-0.763100,7.441500
0.137400,5.763100,3.701100
0.065200,5.944000,1.914300
2.517000,-4.211300,1.363800
-1.070100,-0.098500,5.174600
0.472300,3.810200,3.683200
2.223800,-2.528700,3.826800
0.651800,4.654500,3.090400
2.616900,-3.533100,3.391900
0.709300,2.971200,2.926900
-0.159200,-1.216300,4.854400
0.451600,-1.653500,4.641900
0.292100,6.719300,4.985700
0.993600,1.552600,3.476100
1.977600,-2.091700,1.406900
2.051100,-3.456300,2.224400
1.435600,-1.075000,3.507300
1.952700,1.878200,2.767700
3.108200,5.600700,1.054800
0.978900,3.018000,1.664300
2.475300,1.825700,2.904700
2.534400,-1.865200,1.996500
1.208700,-3.056900,3.657100
0.356700,2.224900,2.709400
0.445500,-0.958100,3.649100
-0.378900,7.525600,2.770600
0.454700,-3.486000,3.664600
1.052900,-0.151300,1.670800
0.196900,7.110500,2.870600
-0.109100,4.208200,3.411500
0.337100,6.596400,4.269000
0.628500,4.020700,3.632900
0.725400,5.177800,4.086500
0.771900,0.123700,2.843600
2.791200,-2.681700,2.512400
1.152000,4.361700,3.522200
0.633900,0.541300,3.056600
0.761800,1.532300,2.931700
-1.563100,1.393600,2.571500
0.570400,0.671700,2.856500
0.758200,0.866100,3.013800
0.921200,1.919900,2.860500
0.726000,0.840300,2.977300
0.719900,0.128300,2.991000
0.811700,0.833100,3.128600
0.798100,1.191100,2.998500
0.827400,2.431500,2.814300
0.730400,1.092000,3.060000
0.762500,0.781500,2.806400
0.732400,1.299500,2.921100
0.740700,1.047500,2.906500
0.746500,1.011300,2.770400
0.683200,1.001500,2.823300
0.737000,0.984500,2.830600
0.704700,0.948600,2.785500
0.765500,0.948700,2.785800
0.740200,0.965400,2.743300
0.710300,0.943900,2.739100
0.730600,0.929600,2.758800
0.722200,0.925000,2.690200
0.740000,0.970400,2.731500
0.712500,0.965500,2.710700
0.708900,0.960700,2.637600
0.717300,0.953500,2.655400
0.751900,0.922500,2.675500
0.700400,0.925100,2.655000
0.718400,0.932400,2.670300
0.686200,0.927700,2.673600
0.720900,0.884900,2.598300
0.686300,0.882900,2.559100
0.680500,0.857000,2.577300
0.667600,0.862300,2.573900
0.664200,0.865100,2.527700
0.665700,0.841700,2.484100
0.609900,0.849400,2.543100
0.678300,0.828500,2.482800
0.624900,0.862500,2.541800
0.655100,0.848600,2.524400
0.640000,0.882500,2.435500
0.643900,0.844800,2.485300
0.624000,0.878700,2.449000
0.666200,0.912400,2.403400
0.641400,0.924500,2.491500
0.623900,0.884100,2.409900
0.644600,0.894000,2.428800
0.617500,0.915800,2.340400
0.624000,0.844500,2.350200
0.613700,0.806900,2.381300
0.610600,0.902900,2.388500
0.598100,0.784000,2.362200
0.626000,0.937400,2.379000
0.615800,0.713500,2.360000
0.605500,0.836200,2.350600
0.674000,0.698600,2.334000
0.632500,0.864300,2.281900
0.615000,0.778900,2.208500
0.638200,0.808400,2.230800
0.580200,0.835300,2.257800
0.598700,0.828800,2.241700
0.614800,0.788900,2.225800
0.554500,0.765900,2.174100
0.554100,0.814500,2.182300
0.580000,0.767500,2.219100
0.589000,0.704100,2.157900
0.595600,0.791100,2.194800
0.521100,0.794300,2.114700
0.544700,0.814200,2.132700
0.432400,0.874400,2.119700
0.623200,0.884400,2.066200
0.524800,0.698800,2.132100
0.493600,0.662000,2.102400
0.522100,0.730200,2.130000
0.574300,0.771800,2.086000
0.533300,0.775100,2.032700
0.542500,0.761700,1.996300
0.558900,0.748300,1.964900
0.532300,0.770800,2.045600
0.512900,0.736000,1.968600
0.510400,0.751400,2.061300
0.536400,0.730900,2.084300
0.481300,0.691500,1.904700
0.528900,0.661800,1.981000
0.533400,0.708600,2.035400
0.411600,0.540600,1.996600
0.562100,0.842900,1.817500
0.440100,1.139000,1.925100
0.471300,0.918800,1.794000
0.499900,0.709300,1.775500
0.499800,0.774800,1.921500
0.463900,0.847200,1.876100
0.568800,0.745300,1.914400
0.606500,0.686700,1.938200
0.603500,0.723800,1.890400
0.598100,0.651100,1.954800
0.578400,0.666900,1.785400
0.596900,0.573000,1.886100
0.563000,0.758400,1.857600
0.641200,0.423400,1.888800
0.549800,0.559500,1.853100
0.606600,0.663900,1.834300
0.620300,0.653400,1.803700
0.607700,0.602500,1.773300
0.611800,0.623300,1.771500
0.596800,0.653600,1.822300
0.605700,0.600300,1.765500
0.552700,0.690200,1.720900
0.578500,0.665300,1.760000
0.582700,0.662000,1.722600
0.606000,0.692000,1.725900
0.567300,0.683800,1.800700
0.571600,0.673200,1.665400
0.583000,0.677000,1.711800
0.587300,0.661700,1.672300
0.531900,0.675100,1.716400
0.543500,0.638400,1.669700
0.517000,0.632800,1.642200
0.543000,0.632000,1.703100
0.578400,0.659800,1.711300
0.561200,0.685100,1.628900
0.529800,0.679300,1.635000
0.472400,0.671200,1.641100
0.524800,0.682100,1.554300
0.557900,0.659600,1.625200
0.493200,0.715900,1.583700
0.521700,0.686100,1.535300
0.528600,0.749400,1.594300
0.511700,0.688500,1.553000
0.516300,0.687400,1.509500
0.489800,0.686300,1.566300
0.449300,0.680500,1.627500
0.492300,0.653300,1.588400
0.518400,0.628600,1.568600
0.511100,0.644500,1.577400
0.458500,0.605500,1.564700
0.441900,0.619200,1.485400
0.477800,0.604200,1.590000
0.470700,0.675000,1.536800
0.465900,0.612100,1.536200
0.463600,0.623300,1.533300
0.461300,0.639300,1.518500
0.489900,0.602700,1.420400
0.463700,0.609200,1.482400
0.444700,0.620500,1.420100
0.449600,0.584000,1.498800
0.423500,0.573900,1.503300
0.454800,0.583000,1.476700
0.464400,0.584800,1.445500
0.438200,0.577200,1.404900
0.481300,0.571900,1.359700
0.426500,0.585700,1.398200
0.453000,0.582800,1.367400
0.448300,0.603700,1.446300
0.407900,0.538700,1.434300
0.417800,0.571800,1.339000
0.437200,0.628500,1.425200
0.396900,0.572900,1.360900
0.456800,0.570000,1.416100
0.464100,0.572000,1.373200
0.449900,0.564300,1.375900
0.419000,0.544800,1.385700
0.421700,0.551600,1.347800
0.438600,0.548900,1.319600
0.391200,0.584300,1.341600
0.413000,0.524200,1.323000
0.406200,0.492900,1.366400
0.382700,0.519100,1.342900
0.407000,0.473600,1.341000
0.374000,0.485500,1.284200
0.376900,0.521200,1.244400
0.415500,0.470900,1.223900
0.413500,0.532900,1.286900
0.394700,0.520700,1.273300
0.407000,0.499100,1.259800
0.421700,0.513300,1.251100
0.388600,0.508300,1.294900
0.386600,0.517700,1.250300
0.356100,0.500800,1.256000
0.394800,0.495900,1.290200
0.371400,0.474400,1.193200
0.402900,0.493400,1.156200
0.379500,0.512400,1.252900
0.363300,0.483600,1.201400
0.390100,0.462200,1.197800
0.383300,0.455100,1.220400
0.371900,0.471900,1.185700
0.348600,0.476700,1.084400
0.370700,0.505300,1.131400
0.364100,0.493200,1.168700
0.371800,0.505000,1.215200
0.348500,0.464400,1.159100
0.341900,0.466800,1.162900
0.371200,0.431100,1.138000
0.386000,0.493300,1.084600
0.317400,0.450300,1.160200
0.373000,0.438500,1.092500
0.349700,0.469700,1.191900
0.381300,0.410200,1.143000
0.350800,0.465300,1.108700
0.368100,0.391500,1.196100
0.387700,0.415800,1.094800
0.347600,0.430400,1.165600
0.331600,0.402000,1.052500
0.315700,0.445300,1.061500
0.335500,0.412100,1.075300
0.310000,0.426700,1.069900
0.329900,0.443600,1.088400
0.321100,0.443800,1.042500
0.341000,0.458200,1.034900
0.310700,0.460700,1.041600
0.304300,0.406000,0.986300
0.281400,0.418200,1.007600
0.284700,0.430500,0.990700
0.328600,0.392600,1.078700
0.341200,0.424000,0.958900
0.294200,0.419500,1.044600
0.319000,0.388800,1.029900
0.319800,0.367800,1.020000
0.308600,0.392100,1.017300
0.273700,0.437800,0.947800
0.312900,0.447600,1.007400
0.294600,0.426300,0.942800
0.314600,0.431300,1.031000
0.303500,0.398100,0.983000
0.299600,0.389000,0.966200
0.333900,0.432300,1.006600
0.317900,0.382500,1.001600
0.287700,0.423500,0.948900
0.324400,0.395200,0.979900
0.287000,0.419400,0.953600
0.266500,0.350600,0.951200
0.303300,0.329800,0.939300
0.287500,0.354300,0.896400
0.302700,0.312000,0.911000
0.296500,0.386700,0.892200
0.292600,0.332400,0.937800
0.303100,0.309300,0.914000
0.303900,0.329200,0.909400
0.283300,0.310800,1.012100
0.303400,0.333100,0.957000
0.251800,0.321900,0.928400
0.288700,0.277400,0.821300
0.301500,0.328500,0.817200
0.276200,0.372100,0.948900
0.291500,0.327300,0.844100
0.261400,0.328100,0.956600
0.253000,0.319300,0.866100
0.261300,0.267600,0.895100
0.269500,0.328300,0.885900
0.249100,0.319500,0.879100
0.302600,0.303600,0.831800
0.241500,0.268700,0.849100
0.261800,0.291200,0.868600
0.270000,0.327900,0.809500
0.259100,0.295200,0.862600
0.255400,0.284200,0.872600
0.232700,0.278000,0.899200
0.274500,0.283800,0.830400
0.294500,0.313400,0.864400
0.259700,0.307000,0.783800
0.225000,0.267400,0.779900
0.250100,0.244600,0.811700
0.244100,0.262400,0.807700
0.254800,0.268300,0.868000
0.244000,0.214500,0.808800
0.233200,0.337300,0.785700
0.246400,0.228400,0.767500
0.230800,0.263000,0.799400
0.224900,0.271200,0.816800
0.245200,0.231800,0.760300
0.251200,0.252000,0.758900
0.238000,0.196000,0.733700
0.246300,0.233100,0.727600
0.247500,0.236700,0.778800
0.220000,0.230800,0.827300
0.283300,0.220100,0.773100
0.217500,0.235700,0.795500
0.218800,0.236900,0.691400
0.232000,0.223800,0.754700
0.221300,0.220300,0.762800
0.225000,0.247800,0.809100
0.259600,0.206000,0.802600
0.239200,0.193100,0.784300
0.252300,0.239800,0.708900
0.213000,0.176600,0.705400
0.235700,0.199600,0.756600
0.251200,0.222400,0.738600
0.269000,0.238000,0.718200
0.205700,0.201000,0.798000
0.207100,0.197600,0.646300
0.218000,0.201400,0.666900
0.214500,0.248100,0.732600
0.242000,0.242100,0.693200
0.205100,0.200300,0.725500
0.218300,0.185000,0.707600
0.257800,0.210300,0.668300
0.213600,0.190200,0.734100
0.198200,0.253600,0.666100
0.209100,0.199900,0.646000
0.222400,0.222700,0.666600
0.171200,0.207300,0.639500
0.222800,0.244400,0.698200
0.193100,0.171700,0.680500
0.211200,0.220900,0.677000
0.195800,0.203100,0.673700
0.218700,0.183000,0.634600
0.193800,0.194000,0.624200
0.252400,0.197800,0.616300
0.217700,0.180100,0.591800
0.147500,0.162600,0.607900
0.206400,0.218900,0.714500
0.198200,0.155900,0.706200
0.211500,0.117000,0.616800
0.210400,0.218900,0.611400
0.209400,0.132000,0.615500
0.177400,0.162300,0.583800
0.231300,0.152000,0.626200
0.211100,0.208400,0.642100
0.174300,0.171600,0.593600
0.199600,0.166000,0.628800
0.151000,0.203300,0.654200
0.181200,0.157000,0.586600
0.175500,0.189600,0.569400
0.186500,0.186200,0.628500
0.173700,0.156700,0.608700
0.182400,0.184500,0.593700
0.183800,0.186000,0.562100
0.161500,0.185000,0.607000
0.129700,0.155500,0.563400
0.202900,0.202400,0.553500
0.166100,0.203800,0.574500
0.170100,0.190800,0.521600
0.150200,0.178000,0.578600
0.163700,0.208100,0.504200
0.153400,0.164100,0.647000
0.193100,0.211000,0.565200
0.137300,0.162300,0.607600
0.170000,0.190000,0.547400
0.147700,0.193900,0.508900
0.178000,0.159500,0.539700
0.196100,0.170600,0.522700
0.185600,0.174600,0.529600
0.170400,0.202300,0.505500
0.152900,0.177400,0.560200
0.137800,0.205100,0.571700
0.168100,0.130200,0.483100
0.071900,0.070000,0.533100
0.193100,0.241300,0.580500
0.199300,0.206700,0.434600
0.160200,0.167500,0.437200
0.133100,0.130900,0.508900
0.170600,0.132700,0.554000
0.129200,0.074800,0.629800
0.095200,0.107800,0.467000
0.097100,0.195400,0.540900
0.168100,0.125300,0.621600
0.164900,0.060400,0.578000
0.154600,0.114900,0.432200
0.130000,0.216800,0.456200
0.203200,0.220500,0.515900
0.135400,0.095400,0.520500
0.163400,0.097300,0.482100
0.174500,0.166000,0.513100
0.185500,0.131800,0.436600
0.165500,0.159700,0.472600
0.138500,0.142200,0.422500
0.159200,0.189200,0.525300
0.206100,0.090500,0.498800
0.176500,0.123400,0.563100
0.142200,0.163300,0.510200
0.124800,0.160100,0.467100
0.107500,0.171300,0.531500
0.123700,0.125100,0.457400
0.118300,0.064900,0.426500
0.203500,0.126600,0.455300
0.197700,0.135500,0.417300
0.141900,0.156200,0.491500
0.100700,0.122100,0.470000
0.166900,0.121500,0.446200
0.106500,0.111300,0.479700
0.170300,0.132200,0.424900
0.157500,0.100600,0.425100
0.130500,0.140600,0.485000
0.108400,0.142300,0.420600
0.105500,0.127300,0.430400
0.159800,0.129000,0.433000
0.137500,0.142700,0.476100
0.124900,0.158600,0.542800
0.110000,0.145900,0.459100
0.140400,0.119000,0.387700
0.118300,0.080300,0.400100
0.134400,0.108400,0.443300
0.136100,0.112700,0.410100
0.111600,0.083500,0.381900
0.132500,0.106900,0.410900
0.177100,0.149300,0.380300
0.142800,0.089000,0.433200
0.158800,0.112300,0.428600
0.136600,0.116600,0.428900
0.121600,0.106400,0.386200
0.101900,0.103500,0.467700
0.115700,0.131600,0.429600
0.112700,0.097600,0.377400
0.109800,0.106600,0.468500
0.140200,0.051300,0.432800
0.108500,0.072500,0.461600
0.091300,0.131700,0.356800
0.136100,0.131000,0.426500
0.130700,0.132800,0.372000
0.132400,0.108300,0.389200
0.122200,0.145800,0.353900
0.128800,0.080800,0.442600
0.085200,0.082800,0.407100
0.120500,0.134800,0.438400
0.134200,0.081700,0.436200
0.157400,0.074100,0.348200
0.113700,0.085700,0.453700
0.120300,0.085200,0.380000
0.153100,0.122900,0.335200
0.135600,0.158100,0.390700
0.144500,0.069100,0.455500
0.141400,0.073500,0.376900
0.116800,0.106500,0.279700
0.101900,0.094100,0.402200
0.108600,0.138900,0.307300
0.089000,0.090500,0.341500
0.090900,0.099600,0.387500
0.107100,0.091900,0.335500
0.092300,0.012800,0.419600
0.077500,0.067600,0.362700
0.096200,0.060100,0.353700
0.122000,0.062200,0.349600
0.114200,0.035700,0.440800
0.137500,0.037900,0.345600
0.127200,0.090100,0.327200
0.124200,0.037200,0.313700
0.109300,0.108500,0.374000
0.137300,0.060300,0.331700
0.117600,0.062400,0.346700
0.140800,0.090700,0.314000
0.113900,0.049700,0.279000
0.127700,0.063800,0.334800
0.098400,0.089700,0.328400
0.109800,0.055900,0.341100
0.118800,0.055600,0.329800
0.089600,0.129200,0.263800
0.101100,0.059400,0.300600
0.117300,0.094900,0.325300
0.064300,0.089600,0.328500
0.063900,0.065400,0.381700
0.077900,0.086500,0.301100
0.051300,0.117000,0.344900
0.086800,0.121200,0.278800
0.072100,0.089600,0.301200
0.086000,0.113000,0.340300
0.109400,0.081500,0.457700
-0.058000,0.214500,0.324300
0.063900,0.501800,0.425200
0.044500,0.110800,0.323000
0.130100,0.196100,0.385700
0.084100,0.104500,0.312300
0.164700,-0.089000,0.327400
0.097200,0.421400,0.313900
